runID,conditionID,renderGeneration,labelID,text,stringLength,containerWidth,dynamicTypeSize,minimumScaleFactor,lineLimit,incomingProposalWidth,incomingProposalHeight,childProposalWidth,childProposalHeight,measuredWidth,measuredHeight,idealWidth,idealHeight,zeroWidth,zeroHeight,infinityWidth,infinityHeight,finalWidth,finalHeight,actualGlyphScale
8328180D-DFEE-4B56-B2CB-8EE57824ABC2,200-none-large,1,shortRun,Run,3,200.0,large,none,1,200.0,inf,200.0,inf,31.333333333333332,20.333333333333332,31.333333333333332,20.333333333333332,0.0,0.0,31.333333333333332,20.333333333333332,31.333333333333332,20.333333333333332,unavailable
8328180D-DFEE-4B56-B2CB-8EE57824ABC2,200-none-large,1,running,Running,7,200.0,large,none,1,200.0,inf,200.0,inf,65.66666666666666,20.333333333333332,65.66666666666666,20.333333333333332,0.0,0.0,65.66666666666666,20.333333333333332,65.66666666666666,20.333333333333332,unavailable
8328180D-DFEE-4B56-B2CB-8EE57824ABC2,200-none-large,1,morningRun,Morning Run,11,200.0,large,none,1,200.0,inf,200.0,inf,101.0,20.333333333333332,101.0,20.333333333333332,0.0,0.0,101.0,20.333333333333332,101.0,20.333333333333332,unavailable
8328180D-DFEE-4B56-B2CB-8EE57824ABC2,200-none-large,1,intervalRun,Morning Interval Run,20,200.0,large,none,1,200.0,inf,200.0,inf,165.0,20.333333333333332,165.0,20.333333333333332,0.0,0.0,165.0,20.333333333333332,165.0,20.333333333333332,unavailable
8328180D-DFEE-4B56-B2CB-8EE57824ABC2,200-none-large,1,longTrainingSession,Morning Interval Training Session,33,200.0,large,none,1,200.0,0.0,200.0,0.0,192.66666666666666,20.333333333333332,264.3333333333333,20.333333333333332,0.0,0.0,264.3333333333333,20.333333333333332,192.66666666666666,20.333333333333332,unavailable
8328180D-DFEE-4B56-B2CB-8EE57824ABC2,200-none-xxxLarge,2,shortRun,Run,3,200.0,xxxLarge,none,1,200.0,inf,200.0,inf,41.0,27.666666666666664,41.0,27.666666666666664,0.0,0.0,41.0,27.666666666666664,41.0,27.666666666666664,unavailable
8328180D-DFEE-4B56-B2CB-8EE57824ABC2,200-none-xxxLarge,2,running,Running,7,200.0,xxxLarge,none,1,200.0,inf,200.0,inf,86.33333333333333,27.666666666666664,86.33333333333333,27.666666666666664,0.0,0.0,86.33333333333333,27.666666666666664,86.33333333333333,27.666666666666664,unavailable
8328180D-DFEE-4B56-B2CB-8EE57824ABC2,200-none-xxxLarge,2,morningRun,Morning Run,11,200.0,xxxLarge,none,1,200.0,inf,200.0,inf,132.66666666666666,27.666666666666664,132.66666666666666,27.666666666666664,0.0,0.0,132.66666666666666,27.666666666666664,132.66666666666666,27.666666666666664,unavailable
8328180D-DFEE-4B56-B2CB-8EE57824ABC2,200-none-xxxLarge,2,intervalRun,Morning Interval Run,20,200.0,xxxLarge,none,1,200.0,inf,200.0,inf,186.66666666666666,27.666666666666664,216.0,27.666666666666664,0.0,0.0,216.0,27.666666666666664,186.66666666666666,27.666666666666664,unavailable
8328180D-DFEE-4B56-B2CB-8EE57824ABC2,200-none-xxxLarge,2,longTrainingSession,Morning Interval Training Session,33,200.0,xxxLarge,none,1,200.0,0.0,200.0,0.0,186.66666666666666,27.666666666666664,345.66666666666663,27.666666666666664,0.0,0.0,345.66666666666663,27.666666666666664,186.66666666666666,27.666666666666664,unavailable
8328180D-DFEE-4B56-B2CB-8EE57824ABC2,200-none-accessibility1,3,shortRun,Run,3,200.0,accessibility1,none,1,200.0,inf,200.0,inf,50.0,33.666666666666664,50.0,33.666666666666664,0.0,0.0,50.0,33.666666666666664,50.0,33.666666666666664,unavailable
8328180D-DFEE-4B56-B2CB-8EE57824ABC2,200-none-accessibility1,3,running,Running,7,200.0,accessibility1,none,1,200.0,inf,200.0,inf,105.33333333333333,33.666666666666664,105.33333333333333,33.666666666666664,0.0,0.0,105.33333333333333,33.666666666666664,105.33333333333333,33.666666666666664,unavailable
8328180D-DFEE-4B56-B2CB-8EE57824ABC2,200-none-accessibility1,3,morningRun,Morning Run,11,200.0,accessibility1,none,1,200.0,inf,200.0,inf,161.66666666666666,33.666666666666664,161.66666666666666,33.666666666666664,0.0,0.0,161.66666666666666,33.666666666666664,161.66666666666666,33.666666666666664,unavailable
8328180D-DFEE-4B56-B2CB-8EE57824ABC2,200-none-accessibility1,3,intervalRun,Morning Interval Run,20,200.0,accessibility1,none,1,200.0,inf,200.0,inf,189.0,33.666666666666664,262.66666666666663,33.666666666666664,0.0,0.0,262.66666666666663,33.666666666666664,189.0,33.666666666666664,unavailable
8328180D-DFEE-4B56-B2CB-8EE57824ABC2,200-none-accessibility1,3,longTrainingSession,Morning Interval Training Session,33,200.0,accessibility1,none,1,200.0,0.0,200.0,0.0,189.0,33.666666666666664,421.0,33.666666666666664,0.0,0.0,421.0,33.666666666666664,189.0,33.666666666666664,unavailable
8328180D-DFEE-4B56-B2CB-8EE57824ABC2,200-none-accessibility3,4,shortRun,Run,3,200.0,accessibility3,none,1,200.0,inf,200.0,inf,71.0,48.0,71.0,48.0,0.0,0.0,71.0,48.0,71.0,48.0,unavailable
8328180D-DFEE-4B56-B2CB-8EE57824ABC2,200-none-accessibility3,4,running,Running,7,200.0,accessibility3,none,1,200.0,inf,200.0,inf,149.33333333333331,48.0,149.33333333333331,48.0,0.0,0.0,149.33333333333331,48.0,149.33333333333331,48.0,unavailable
8328180D-DFEE-4B56-B2CB-8EE57824ABC2,200-none-accessibility3,4,morningRun,Morning Run,11,200.0,accessibility3,none,1,200.0,inf,200.0,inf,176.0,48.0,228.66666666666666,48.0,0.0,0.0,228.66666666666666,48.0,176.0,48.0,unavailable
8328180D-DFEE-4B56-B2CB-8EE57824ABC2,200-none-accessibility3,4,intervalRun,Morning Interval Run,20,200.0,accessibility3,none,1,200.0,inf,200.0,inf,194.66666666666666,48.0,371.66666666666663,48.0,0.0,0.0,371.66666666666663,48.0,194.66666666666666,48.0,unavailable
8328180D-DFEE-4B56-B2CB-8EE57824ABC2,200-none-accessibility3,4,longTrainingSession,Morning Interval Training Session,33,200.0,accessibility3,none,1,200.0,0.0,200.0,0.0,194.66666666666666,48.0,595.6666666666666,48.0,0.0,0.0,595.6666666666666,48.0,194.66666666666666,48.0,unavailable
8328180D-DFEE-4B56-B2CB-8EE57824ABC2,200-none-accessibility5,5,shortRun,Run,3,200.0,accessibility5,none,1,200.0,inf,200.0,inf,93.33333333333333,63.33333333333333,93.33333333333333,63.33333333333333,0.0,0.0,93.33333333333333,63.33333333333333,93.33333333333333,63.33333333333333,unavailable
8328180D-DFEE-4B56-B2CB-8EE57824ABC2,200-none-accessibility5,5,running,Running,7,200.0,accessibility5,none,1,200.0,inf,200.0,inf,196.33333333333331,63.33333333333333,196.33333333333331,63.33333333333333,0.0,0.0,196.33333333333331,63.33333333333333,196.33333333333331,63.33333333333333,unavailable
8328180D-DFEE-4B56-B2CB-8EE57824ABC2,200-none-accessibility5,5,morningRun,Morning Run,11,200.0,accessibility5,none,1,200.0,inf,200.0,inf,170.66666666666666,63.33333333333333,301.0,63.33333333333333,0.0,0.0,301.0,63.33333333333333,170.66666666666666,63.33333333333333,unavailable
8328180D-DFEE-4B56-B2CB-8EE57824ABC2,200-none-accessibility5,5,intervalRun,Morning Interval Run,20,200.0,accessibility5,none,1,200.0,inf,200.0,inf,170.66666666666666,63.33333333333333,489.0,63.33333333333333,0.0,0.0,489.0,63.33333333333333,170.66666666666666,63.33333333333333,unavailable
8328180D-DFEE-4B56-B2CB-8EE57824ABC2,200-none-accessibility5,5,longTrainingSession,Morning Interval Training Session,33,200.0,accessibility5,none,1,200.0,0.0,200.0,0.0,170.66666666666666,63.33333333333333,783.0,63.33333333333333,0.0,0.0,783.0,63.33333333333333,170.66666666666666,63.33333333333333,unavailable
8328180D-DFEE-4B56-B2CB-8EE57824ABC2,200-0.8-large,6,shortRun,Run,3,200.0,large,0.8,1,200.0,inf,200.0,inf,31.333333333333332,20.333333333333332,31.333333333333332,20.333333333333332,0.0,0.0,31.333333333333332,20.333333333333332,31.333333333333332,20.333333333333332,unavailable
8328180D-DFEE-4B56-B2CB-8EE57824ABC2,200-0.8-large,6,running,Running,7,200.0,large,0.8,1,200.0,inf,200.0,inf,65.66666666666666,20.333333333333332,65.66666666666666,20.333333333333332,0.0,0.0,65.66666666666666,20.333333333333332,65.66666666666666,20.333333333333332,unavailable
8328180D-DFEE-4B56-B2CB-8EE57824ABC2,200-0.8-large,6,morningRun,Morning Run,11,200.0,large,0.8,1,200.0,inf,200.0,inf,101.0,20.333333333333332,101.0,20.333333333333332,0.0,0.0,101.0,20.333333333333332,101.0,20.333333333333332,unavailable
8328180D-DFEE-4B56-B2CB-8EE57824ABC2,200-0.8-large,6,intervalRun,Morning Interval Run,20,200.0,large,0.8,1,200.0,inf,200.0,inf,165.0,20.333333333333332,165.0,20.333333333333332,0.0,0.0,165.0,20.333333333333332,165.0,20.333333333333332,unavailable
8328180D-DFEE-4B56-B2CB-8EE57824ABC2,200-0.8-large,6,longTrainingSession,Morning Interval Training Session,33,200.0,large,0.8,1,200.0,0.0,200.0,0.0,195.33333333333331,16.333333333333332,264.3333333333333,20.333333333333332,0.0,0.0,264.3333333333333,20.333333333333332,195.33333333333331,16.333333333333332,unavailable
8328180D-DFEE-4B56-B2CB-8EE57824ABC2,200-0.8-xxxLarge,7,shortRun,Run,3,200.0,xxxLarge,0.8,1,200.0,inf,200.0,inf,41.0,27.666666666666664,41.0,27.666666666666664,0.0,0.0,41.0,27.666666666666664,41.0,27.666666666666664,unavailable
8328180D-DFEE-4B56-B2CB-8EE57824ABC2,200-0.8-xxxLarge,7,running,Running,7,200.0,xxxLarge,0.8,1,200.0,inf,200.0,inf,86.33333333333333,27.666666666666664,86.33333333333333,27.666666666666664,0.0,0.0,86.33333333333333,27.666666666666664,86.33333333333333,27.666666666666664,unavailable
8328180D-DFEE-4B56-B2CB-8EE57824ABC2,200-0.8-xxxLarge,7,morningRun,Morning Run,11,200.0,xxxLarge,0.8,1,200.0,inf,200.0,inf,132.66666666666666,27.666666666666664,132.66666666666666,27.666666666666664,0.0,0.0,132.66666666666666,27.666666666666664,132.66666666666666,27.666666666666664,unavailable
8328180D-DFEE-4B56-B2CB-8EE57824ABC2,200-0.8-xxxLarge,7,intervalRun,Morning Interval Run,20,200.0,xxxLarge,0.8,1,200.0,inf,200.0,inf,198.33333333333331,25.333333333333332,216.0,27.666666666666664,0.0,0.0,216.0,27.666666666666664,198.33333333333331,25.333333333333332,unavailable
8328180D-DFEE-4B56-B2CB-8EE57824ABC2,200-0.8-xxxLarge,7,longTrainingSession,Morning Interval Training Session,33,200.0,xxxLarge,0.8,1,200.0,0.0,200.0,0.0,193.0,22.333333333333332,345.66666666666663,27.666666666666664,0.0,0.0,345.66666666666663,27.666666666666664,193.0,22.333333333333332,unavailable
8328180D-DFEE-4B56-B2CB-8EE57824ABC2,200-0.8-accessibility1,8,shortRun,Run,3,200.0,accessibility1,0.8,1,200.0,inf,200.0,inf,50.0,33.666666666666664,50.0,33.666666666666664,0.0,0.0,50.0,33.666666666666664,50.0,33.666666666666664,unavailable
8328180D-DFEE-4B56-B2CB-8EE57824ABC2,200-0.8-accessibility1,8,running,Running,7,200.0,accessibility1,0.8,1,200.0,inf,200.0,inf,105.33333333333333,33.666666666666664,105.33333333333333,33.666666666666664,0.0,0.0,105.33333333333333,33.666666666666664,105.33333333333333,33.666666666666664,unavailable
8328180D-DFEE-4B56-B2CB-8EE57824ABC2,200-0.8-accessibility1,8,morningRun,Morning Run,11,200.0,accessibility1,0.8,1,200.0,inf,200.0,inf,161.66666666666666,33.666666666666664,161.66666666666666,33.666666666666664,0.0,0.0,161.66666666666666,33.666666666666664,161.66666666666666,33.666666666666664,unavailable
8328180D-DFEE-4B56-B2CB-8EE57824ABC2,200-0.8-accessibility1,8,intervalRun,Morning Interval Run,20,200.0,accessibility1,0.8,1,200.0,inf,200.0,inf,183.0,27.0,262.66666666666663,33.666666666666664,0.0,0.0,262.66666666666663,33.666666666666664,183.0,27.0,unavailable
8328180D-DFEE-4B56-B2CB-8EE57824ABC2,200-0.8-accessibility1,8,longTrainingSession,Morning Interval Training Session,33,200.0,accessibility1,0.8,1,200.0,0.0,200.0,0.0,200.0,27.0,421.0,33.666666666666664,0.0,0.0,421.0,33.666666666666664,200.0,27.0,unavailable
8328180D-DFEE-4B56-B2CB-8EE57824ABC2,200-0.8-accessibility3,9,shortRun,Run,3,200.0,accessibility3,0.8,1,200.0,inf,200.0,inf,71.0,48.0,71.0,48.0,0.0,0.0,71.0,48.0,71.0,48.0,unavailable
8328180D-DFEE-4B56-B2CB-8EE57824ABC2,200-0.8-accessibility3,9,running,Running,7,200.0,accessibility3,0.8,1,200.0,inf,200.0,inf,149.33333333333331,48.0,149.33333333333331,48.0,0.0,0.0,149.33333333333331,48.0,149.33333333333331,48.0,unavailable
8328180D-DFEE-4B56-B2CB-8EE57824ABC2,200-0.8-accessibility3,9,morningRun,Morning Run,11,200.0,accessibility3,0.8,1,200.0,inf,200.0,inf,199.33333333333331,41.666666666666664,228.66666666666666,48.0,0.0,0.0,228.66666666666666,48.0,199.33333333333331,41.666666666666664,unavailable
8328180D-DFEE-4B56-B2CB-8EE57824ABC2,200-0.8-accessibility3,9,intervalRun,Morning Interval Run,20,200.0,accessibility3,0.8,1,200.0,inf,200.0,inf,186.0,38.33333333333333,371.66666666666663,48.0,0.0,0.0,371.66666666666663,48.0,186.0,38.33333333333333,unavailable
8328180D-DFEE-4B56-B2CB-8EE57824ABC2,200-0.8-accessibility3,9,longTrainingSession,Morning Interval Training Session,33,200.0,accessibility3,0.8,1,200.0,0.0,200.0,0.0,186.0,38.33333333333333,595.6666666666666,48.0,0.0,0.0,595.6666666666666,48.0,186.0,38.33333333333333,unavailable
8328180D-DFEE-4B56-B2CB-8EE57824ABC2,200-0.8-accessibility5,10,shortRun,Run,3,200.0,accessibility5,0.8,1,200.0,inf,200.0,inf,93.33333333333333,63.33333333333333,93.33333333333333,63.33333333333333,0.0,0.0,93.33333333333333,63.33333333333333,93.33333333333333,63.33333333333333,unavailable
8328180D-DFEE-4B56-B2CB-8EE57824ABC2,200-0.8-accessibility5,10,running,Running,7,200.0,accessibility5,0.8,1,200.0,inf,200.0,inf,196.33333333333331,63.33333333333333,196.33333333333331,63.33333333333333,0.0,0.0,196.33333333333331,63.33333333333333,196.33333333333331,63.33333333333333,unavailable
8328180D-DFEE-4B56-B2CB-8EE57824ABC2,200-0.8-accessibility5,10,morningRun,Morning Run,11,200.0,accessibility5,0.8,1,200.0,inf,200.0,inf,186.66666666666666,51.0,301.0,63.33333333333333,0.0,0.0,301.0,63.33333333333333,186.66666666666666,51.0,unavailable
8328180D-DFEE-4B56-B2CB-8EE57824ABC2,200-0.8-accessibility5,10,intervalRun,Morning Interval Run,20,200.0,accessibility5,0.8,1,200.0,inf,200.0,inf,186.66666666666666,51.0,489.0,63.33333333333333,0.0,0.0,489.0,63.33333333333333,186.66666666666666,51.0,unavailable
8328180D-DFEE-4B56-B2CB-8EE57824ABC2,200-0.8-accessibility5,10,longTrainingSession,Morning Interval Training Session,33,200.0,accessibility5,0.8,1,200.0,0.0,200.0,0.0,186.66666666666666,51.0,783.0,63.33333333333333,0.0,0.0,783.0,63.33333333333333,186.66666666666666,51.0,unavailable
8328180D-DFEE-4B56-B2CB-8EE57824ABC2,200-0.5-large,11,shortRun,Run,3,200.0,large,0.5,1,200.0,inf,200.0,inf,31.333333333333332,20.333333333333332,31.333333333333332,20.333333333333332,0.0,0.0,31.333333333333332,20.333333333333332,31.333333333333332,20.333333333333332,unavailable
8328180D-DFEE-4B56-B2CB-8EE57824ABC2,200-0.5-large,11,running,Running,7,200.0,large,0.5,1,200.0,inf,200.0,inf,65.66666666666666,20.333333333333332,65.66666666666666,20.333333333333332,0.0,0.0,65.66666666666666,20.333333333333332,65.66666666666666,20.333333333333332,unavailable
8328180D-DFEE-4B56-B2CB-8EE57824ABC2,200-0.5-large,11,morningRun,Morning Run,11,200.0,large,0.5,1,200.0,inf,200.0,inf,101.0,20.333333333333332,101.0,20.333333333333332,0.0,0.0,101.0,20.333333333333332,101.0,20.333333333333332,unavailable
8328180D-DFEE-4B56-B2CB-8EE57824ABC2,200-0.5-large,11,intervalRun,Morning Interval Run,20,200.0,large,0.5,1,200.0,inf,200.0,inf,165.0,20.333333333333332,165.0,20.333333333333332,0.0,0.0,165.0,20.333333333333332,165.0,20.333333333333332,unavailable
8328180D-DFEE-4B56-B2CB-8EE57824ABC2,200-0.5-large,11,longTrainingSession,Morning Interval Training Session,33,200.0,large,0.5,1,200.0,0.0,200.0,0.0,145.66666666666666,10.333333333333332,264.3333333333333,20.333333333333332,0.0,0.0,264.3333333333333,20.333333333333332,145.66666666666666,10.333333333333332,unavailable
8328180D-DFEE-4B56-B2CB-8EE57824ABC2,200-0.5-xxxLarge,12,shortRun,Run,3,200.0,xxxLarge,0.5,1,200.0,inf,200.0,inf,41.0,27.666666666666664,41.0,27.666666666666664,0.0,0.0,41.0,27.666666666666664,41.0,27.666666666666664,unavailable
8328180D-DFEE-4B56-B2CB-8EE57824ABC2,200-0.5-xxxLarge,12,running,Running,7,200.0,xxxLarge,0.5,1,200.0,inf,200.0,inf,86.33333333333333,27.666666666666664,86.33333333333333,27.666666666666664,0.0,0.0,86.33333333333333,27.666666666666664,86.33333333333333,27.666666666666664,unavailable
8328180D-DFEE-4B56-B2CB-8EE57824ABC2,200-0.5-xxxLarge,12,morningRun,Morning Run,11,200.0,xxxLarge,0.5,1,200.0,inf,200.0,inf,132.66666666666666,27.666666666666664,132.66666666666666,27.666666666666664,0.0,0.0,132.66666666666666,27.666666666666664,132.66666666666666,27.666666666666664,unavailable
8328180D-DFEE-4B56-B2CB-8EE57824ABC2,200-0.5-xxxLarge,12,intervalRun,Morning Interval Run,20,200.0,xxxLarge,0.5,1,200.0,inf,200.0,inf,198.33333333333331,25.333333333333332,216.0,27.666666666666664,0.0,0.0,216.0,27.666666666666664,198.33333333333331,25.333333333333332,unavailable
8328180D-DFEE-4B56-B2CB-8EE57824ABC2,200-0.5-xxxLarge,12,longTrainingSession,Morning Interval Training Session,33,200.0,xxxLarge,0.5,1,200.0,0.0,200.0,0.0,189.66666666666666,14.0,345.66666666666663,27.666666666666664,0.0,0.0,345.66666666666663,27.666666666666664,189.66666666666666,14.0,unavailable
8328180D-DFEE-4B56-B2CB-8EE57824ABC2,200-0.5-accessibility1,13,shortRun,Run,3,200.0,accessibility1,0.5,1,200.0,inf,200.0,inf,50.0,33.666666666666664,50.0,33.666666666666664,0.0,0.0,50.0,33.666666666666664,50.0,33.666666666666664,unavailable
8328180D-DFEE-4B56-B2CB-8EE57824ABC2,200-0.5-accessibility1,13,running,Running,7,200.0,accessibility1,0.5,1,200.0,inf,200.0,inf,105.33333333333333,33.666666666666664,105.33333333333333,33.666666666666664,0.0,0.0,105.33333333333333,33.666666666666664,105.33333333333333,33.666666666666664,unavailable
8328180D-DFEE-4B56-B2CB-8EE57824ABC2,200-0.5-accessibility1,13,morningRun,Morning Run,11,200.0,accessibility1,0.5,1,200.0,inf,200.0,inf,161.66666666666666,33.666666666666664,161.66666666666666,33.666666666666664,0.0,0.0,161.66666666666666,33.666666666666664,161.66666666666666,33.666666666666664,unavailable
8328180D-DFEE-4B56-B2CB-8EE57824ABC2,200-0.5-accessibility1,13,intervalRun,Morning Interval Run,20,200.0,accessibility1,0.5,1,200.0,inf,200.0,inf,198.33333333333331,25.333333333333332,262.66666666666663,33.666666666666664,0.0,0.0,262.66666666666663,33.666666666666664,198.33333333333331,25.333333333333332,unavailable
8328180D-DFEE-4B56-B2CB-8EE57824ABC2,200-0.5-accessibility1,13,longTrainingSession,Morning Interval Training Session,33,200.0,accessibility1,0.5,1,200.0,0.0,200.0,0.0,193.33333333333331,17.0,421.0,33.666666666666664,0.0,0.0,421.0,33.666666666666664,193.33333333333331,17.0,unavailable
8328180D-DFEE-4B56-B2CB-8EE57824ABC2,200-0.5-accessibility3,14,shortRun,Run,3,200.0,accessibility3,0.5,1,200.0,inf,200.0,inf,71.0,48.0,71.0,48.0,0.0,0.0,71.0,48.0,71.0,48.0,unavailable
8328180D-DFEE-4B56-B2CB-8EE57824ABC2,200-0.5-accessibility3,14,running,Running,7,200.0,accessibility3,0.5,1,200.0,inf,200.0,inf,149.33333333333331,48.0,149.33333333333331,48.0,0.0,0.0,149.33333333333331,48.0,149.33333333333331,48.0,unavailable
8328180D-DFEE-4B56-B2CB-8EE57824ABC2,200-0.5-accessibility3,14,morningRun,Morning Run,11,200.0,accessibility3,0.5,1,200.0,inf,200.0,inf,199.33333333333331,41.666666666666664,228.66666666666666,48.0,0.0,0.0,228.66666666666666,48.0,199.33333333333331,41.666666666666664,unavailable
8328180D-DFEE-4B56-B2CB-8EE57824ABC2,200-0.5-accessibility3,14,intervalRun,Morning Interval Run,20,200.0,accessibility3,0.5,1,200.0,inf,200.0,inf,198.33333333333331,25.333333333333332,371.66666666666663,48.0,0.0,0.0,371.66666666666663,48.0,198.33333333333331,25.333333333333332,unavailable
8328180D-DFEE-4B56-B2CB-8EE57824ABC2,200-0.5-accessibility3,14,longTrainingSession,Morning Interval Training Session,33,200.0,accessibility3,0.5,1,200.0,0.0,200.0,0.0,199.66666666666666,24.0,595.6666666666666,48.0,0.0,0.0,595.6666666666666,48.0,199.66666666666666,24.0,unavailable
8328180D-DFEE-4B56-B2CB-8EE57824ABC2,200-0.5-accessibility5,15,shortRun,Run,3,200.0,accessibility5,0.5,1,200.0,inf,200.0,inf,93.33333333333333,63.33333333333333,93.33333333333333,63.33333333333333,0.0,0.0,93.33333333333333,63.33333333333333,93.33333333333333,63.33333333333333,unavailable
8328180D-DFEE-4B56-B2CB-8EE57824ABC2,200-0.5-accessibility5,15,running,Running,7,200.0,accessibility5,0.5,1,200.0,inf,200.0,inf,196.33333333333331,63.33333333333333,196.33333333333331,63.33333333333333,0.0,0.0,196.33333333333331,63.33333333333333,196.33333333333331,63.33333333333333,unavailable
8328180D-DFEE-4B56-B2CB-8EE57824ABC2,200-0.5-accessibility5,15,morningRun,Morning Run,11,200.0,accessibility5,0.5,1,200.0,inf,200.0,inf,199.33333333333331,41.666666666666664,301.0,63.33333333333333,0.0,0.0,301.0,63.33333333333333,199.33333333333331,41.666666666666664,unavailable
8328180D-DFEE-4B56-B2CB-8EE57824ABC2,200-0.5-accessibility5,15,intervalRun,Morning Interval Run,20,200.0,accessibility5,0.5,1,200.0,inf,200.0,inf,192.66666666666666,31.666666666666664,489.0,63.33333333333333,0.0,0.0,489.0,63.33333333333333,192.66666666666666,31.666666666666664,unavailable
8328180D-DFEE-4B56-B2CB-8EE57824ABC2,200-0.5-accessibility5,15,longTrainingSession,Morning Interval Training Session,33,200.0,accessibility5,0.5,1,200.0,0.0,200.0,0.0,192.66666666666666,31.666666666666664,783.0,63.33333333333333,0.0,0.0,783.0,63.33333333333333,192.66666666666666,31.666666666666664,unavailable
8328180D-DFEE-4B56-B2CB-8EE57824ABC2,200-0.1-large,16,shortRun,Run,3,200.0,large,0.1,1,200.0,inf,200.0,inf,31.333333333333332,20.333333333333332,31.333333333333332,20.333333333333332,0.0,0.0,31.333333333333332,20.333333333333332,31.333333333333332,20.333333333333332,unavailable
8328180D-DFEE-4B56-B2CB-8EE57824ABC2,200-0.1-large,16,running,Running,7,200.0,large,0.1,1,200.0,inf,200.0,inf,65.66666666666666,20.333333333333332,65.66666666666666,20.333333333333332,0.0,0.0,65.66666666666666,20.333333333333332,65.66666666666666,20.333333333333332,unavailable
8328180D-DFEE-4B56-B2CB-8EE57824ABC2,200-0.1-large,16,morningRun,Morning Run,11,200.0,large,0.1,1,200.0,inf,200.0,inf,101.0,20.333333333333332,101.0,20.333333333333332,0.0,0.0,101.0,20.333333333333332,101.0,20.333333333333332,unavailable
8328180D-DFEE-4B56-B2CB-8EE57824ABC2,200-0.1-large,16,intervalRun,Morning Interval Run,20,200.0,large,0.1,1,200.0,inf,200.0,inf,165.0,20.333333333333332,165.0,20.333333333333332,0.0,0.0,165.0,20.333333333333332,165.0,20.333333333333332,unavailable
8328180D-DFEE-4B56-B2CB-8EE57824ABC2,200-0.1-large,16,longTrainingSession,Morning Interval Training Session,33,200.0,large,0.1,1,200.0,0.0,200.0,0.0,31.0,2.333333333333333,264.3333333333333,20.333333333333332,0.0,0.0,264.3333333333333,20.333333333333332,31.0,2.333333333333333,unavailable
8328180D-DFEE-4B56-B2CB-8EE57824ABC2,200-0.1-xxxLarge,17,shortRun,Run,3,200.0,xxxLarge,0.1,1,200.0,inf,200.0,inf,41.0,27.666666666666664,41.0,27.666666666666664,0.0,0.0,41.0,27.666666666666664,41.0,27.666666666666664,unavailable
8328180D-DFEE-4B56-B2CB-8EE57824ABC2,200-0.1-xxxLarge,17,running,Running,7,200.0,xxxLarge,0.1,1,200.0,inf,200.0,inf,86.33333333333333,27.666666666666664,86.33333333333333,27.666666666666664,0.0,0.0,86.33333333333333,27.666666666666664,86.33333333333333,27.666666666666664,unavailable
8328180D-DFEE-4B56-B2CB-8EE57824ABC2,200-0.1-xxxLarge,17,morningRun,Morning Run,11,200.0,xxxLarge,0.1,1,200.0,inf,200.0,inf,132.66666666666666,27.666666666666664,132.66666666666666,27.666666666666664,0.0,0.0,132.66666666666666,27.666666666666664,132.66666666666666,27.666666666666664,unavailable
8328180D-DFEE-4B56-B2CB-8EE57824ABC2,200-0.1-xxxLarge,17,intervalRun,Morning Interval Run,20,200.0,xxxLarge,0.1,1,200.0,inf,200.0,inf,198.33333333333331,25.333333333333332,216.0,27.666666666666664,0.0,0.0,216.0,27.666666666666664,198.33333333333331,25.333333333333332,unavailable
8328180D-DFEE-4B56-B2CB-8EE57824ABC2,200-0.1-xxxLarge,17,longTrainingSession,Morning Interval Training Session,33,200.0,xxxLarge,0.1,1,200.0,0.0,200.0,0.0,40.0,3.0,345.66666666666663,27.666666666666664,0.0,0.0,345.66666666666663,27.666666666666664,40.0,3.0,unavailable
8328180D-DFEE-4B56-B2CB-8EE57824ABC2,200-0.1-accessibility1,18,shortRun,Run,3,200.0,accessibility1,0.1,1,200.0,inf,200.0,inf,50.0,33.666666666666664,50.0,33.666666666666664,0.0,0.0,50.0,33.666666666666664,50.0,33.666666666666664,unavailable
8328180D-DFEE-4B56-B2CB-8EE57824ABC2,200-0.1-accessibility1,18,running,Running,7,200.0,accessibility1,0.1,1,200.0,inf,200.0,inf,105.33333333333333,33.666666666666664,105.33333333333333,33.666666666666664,0.0,0.0,105.33333333333333,33.666666666666664,105.33333333333333,33.666666666666664,unavailable
8328180D-DFEE-4B56-B2CB-8EE57824ABC2,200-0.1-accessibility1,18,morningRun,Morning Run,11,200.0,accessibility1,0.1,1,200.0,inf,200.0,inf,161.66666666666666,33.666666666666664,161.66666666666666,33.666666666666664,0.0,0.0,161.66666666666666,33.666666666666664,161.66666666666666,33.666666666666664,unavailable
8328180D-DFEE-4B56-B2CB-8EE57824ABC2,200-0.1-accessibility1,18,intervalRun,Morning Interval Run,20,200.0,accessibility1,0.1,1,200.0,inf,200.0,inf,198.33333333333331,25.333333333333332,262.66666666666663,33.666666666666664,0.0,0.0,262.66666666666663,33.666666666666664,198.33333333333331,25.333333333333332,unavailable
8328180D-DFEE-4B56-B2CB-8EE57824ABC2,200-0.1-accessibility1,18,longTrainingSession,Morning Interval Training Session,33,200.0,accessibility1,0.1,1,200.0,0.0,200.0,0.0,49.0,3.333333333333333,421.0,33.666666666666664,0.0,0.0,421.0,33.666666666666664,49.0,3.333333333333333,unavailable
8328180D-DFEE-4B56-B2CB-8EE57824ABC2,200-0.1-accessibility3,19,shortRun,Run,3,200.0,accessibility3,0.1,1,200.0,inf,200.0,inf,71.0,48.0,71.0,48.0,0.0,0.0,71.0,48.0,71.0,48.0,unavailable
8328180D-DFEE-4B56-B2CB-8EE57824ABC2,200-0.1-accessibility3,19,running,Running,7,200.0,accessibility3,0.1,1,200.0,inf,200.0,inf,149.33333333333331,48.0,149.33333333333331,48.0,0.0,0.0,149.33333333333331,48.0,149.33333333333331,48.0,unavailable
8328180D-DFEE-4B56-B2CB-8EE57824ABC2,200-0.1-accessibility3,19,morningRun,Morning Run,11,200.0,accessibility3,0.1,1,200.0,inf,200.0,inf,199.33333333333331,41.666666666666664,228.66666666666666,48.0,0.0,0.0,228.66666666666666,48.0,199.33333333333331,41.666666666666664,unavailable
8328180D-DFEE-4B56-B2CB-8EE57824ABC2,200-0.1-accessibility3,19,intervalRun,Morning Interval Run,20,200.0,accessibility3,0.1,1,200.0,inf,200.0,inf,198.33333333333331,25.333333333333332,371.66666666666663,48.0,0.0,0.0,371.66666666666663,48.0,198.33333333333331,25.333333333333332,unavailable
8328180D-DFEE-4B56-B2CB-8EE57824ABC2,200-0.1-accessibility3,19,longTrainingSession,Morning Interval Training Session,33,200.0,accessibility3,0.1,1,200.0,0.0,200.0,0.0,71.0,5.0,595.6666666666666,48.0,0.0,0.0,595.6666666666666,48.0,71.0,5.0,unavailable
8328180D-DFEE-4B56-B2CB-8EE57824ABC2,200-0.1-accessibility5,20,shortRun,Run,3,200.0,accessibility5,0.1,1,200.0,inf,200.0,inf,93.33333333333333,63.33333333333333,93.33333333333333,63.33333333333333,0.0,0.0,93.33333333333333,63.33333333333333,93.33333333333333,63.33333333333333,unavailable
8328180D-DFEE-4B56-B2CB-8EE57824ABC2,200-0.1-accessibility5,20,running,Running,7,200.0,accessibility5,0.1,1,200.0,inf,200.0,inf,196.33333333333331,63.33333333333333,196.33333333333331,63.33333333333333,0.0,0.0,196.33333333333331,63.33333333333333,196.33333333333331,63.33333333333333,unavailable
8328180D-DFEE-4B56-B2CB-8EE57824ABC2,200-0.1-accessibility5,20,morningRun,Morning Run,11,200.0,accessibility5,0.1,1,200.0,inf,200.0,inf,199.33333333333331,41.666666666666664,301.0,63.33333333333333,0.0,0.0,301.0,63.33333333333333,199.33333333333331,41.666666666666664,unavailable
8328180D-DFEE-4B56-B2CB-8EE57824ABC2,200-0.1-accessibility5,20,intervalRun,Morning Interval Run,20,200.0,accessibility5,0.1,1,200.0,inf,200.0,inf,198.33333333333331,25.333333333333332,489.0,63.33333333333333,0.0,0.0,489.0,63.33333333333333,198.33333333333331,25.333333333333332,unavailable
8328180D-DFEE-4B56-B2CB-8EE57824ABC2,200-0.1-accessibility5,20,longTrainingSession,Morning Interval Training Session,33,200.0,accessibility5,0.1,1,200.0,0.0,200.0,0.0,93.0,6.333333333333333,783.0,63.33333333333333,0.0,0.0,783.0,63.33333333333333,93.0,6.333333333333333,unavailable
8328180D-DFEE-4B56-B2CB-8EE57824ABC2,160-none-large,21,shortRun,Run,3,160.0,large,none,1,160.0,inf,160.0,inf,31.333333333333332,20.333333333333332,31.333333333333332,20.333333333333332,0.0,0.0,31.333333333333332,20.333333333333332,31.333333333333332,20.333333333333332,unavailable
8328180D-DFEE-4B56-B2CB-8EE57824ABC2,160-none-large,21,running,Running,7,160.0,large,none,1,160.0,inf,160.0,inf,65.66666666666666,20.333333333333332,65.66666666666666,20.333333333333332,0.0,0.0,65.66666666666666,20.333333333333332,65.66666666666666,20.333333333333332,unavailable
8328180D-DFEE-4B56-B2CB-8EE57824ABC2,160-none-large,21,morningRun,Morning Run,11,160.0,large,none,1,160.0,inf,160.0,inf,101.0,20.333333333333332,101.0,20.333333333333332,0.0,0.0,101.0,20.333333333333332,101.0,20.333333333333332,unavailable
8328180D-DFEE-4B56-B2CB-8EE57824ABC2,160-none-large,21,intervalRun,Morning Interval Run,20,160.0,large,none,1,160.0,inf,160.0,inf,160.0,20.333333333333332,165.0,20.333333333333332,0.0,0.0,165.0,20.333333333333332,160.0,20.333333333333332,unavailable
8328180D-DFEE-4B56-B2CB-8EE57824ABC2,160-none-large,21,longTrainingSession,Morning Interval Training Session,33,160.0,large,none,1,160.0,0.0,160.0,0.0,158.33333333333331,20.333333333333332,264.3333333333333,20.333333333333332,0.0,0.0,264.3333333333333,20.333333333333332,158.33333333333331,20.333333333333332,unavailable
8328180D-DFEE-4B56-B2CB-8EE57824ABC2,160-none-xxxLarge,22,shortRun,Run,3,160.0,xxxLarge,none,1,160.0,inf,160.0,inf,41.0,27.666666666666664,41.0,27.666666666666664,0.0,0.0,41.0,27.666666666666664,41.0,27.666666666666664,unavailable
8328180D-DFEE-4B56-B2CB-8EE57824ABC2,160-none-xxxLarge,22,running,Running,7,160.0,xxxLarge,none,1,160.0,inf,160.0,inf,86.33333333333333,27.666666666666664,86.33333333333333,27.666666666666664,0.0,0.0,86.33333333333333,27.666666666666664,86.33333333333333,27.666666666666664,unavailable
8328180D-DFEE-4B56-B2CB-8EE57824ABC2,160-none-xxxLarge,22,morningRun,Morning Run,11,160.0,xxxLarge,none,1,160.0,inf,160.0,inf,132.66666666666666,27.666666666666664,132.66666666666666,27.666666666666664,0.0,0.0,132.66666666666666,27.666666666666664,132.66666666666666,27.666666666666664,unavailable
8328180D-DFEE-4B56-B2CB-8EE57824ABC2,160-none-xxxLarge,22,intervalRun,Morning Interval Run,20,160.0,xxxLarge,none,1,160.0,inf,160.0,inf,156.66666666666666,27.666666666666664,216.0,27.666666666666664,0.0,0.0,216.0,27.666666666666664,156.66666666666666,27.666666666666664,unavailable
8328180D-DFEE-4B56-B2CB-8EE57824ABC2,160-none-xxxLarge,22,longTrainingSession,Morning Interval Training Session,33,160.0,xxxLarge,none,1,160.0,0.0,160.0,0.0,156.66666666666666,27.666666666666664,345.66666666666663,27.666666666666664,0.0,0.0,345.66666666666663,27.666666666666664,156.66666666666666,27.666666666666664,unavailable
8328180D-DFEE-4B56-B2CB-8EE57824ABC2,160-none-accessibility1,23,shortRun,Run,3,160.0,accessibility1,none,1,160.0,inf,160.0,inf,50.0,33.666666666666664,50.0,33.666666666666664,0.0,0.0,50.0,33.666666666666664,50.0,33.666666666666664,unavailable
8328180D-DFEE-4B56-B2CB-8EE57824ABC2,160-none-accessibility1,23,running,Running,7,160.0,accessibility1,none,1,160.0,inf,160.0,inf,105.33333333333333,33.666666666666664,105.33333333333333,33.666666666666664,0.0,0.0,105.33333333333333,33.666666666666664,105.33333333333333,33.666666666666664,unavailable
8328180D-DFEE-4B56-B2CB-8EE57824ABC2,160-none-accessibility1,23,morningRun,Morning Run,11,160.0,accessibility1,none,1,160.0,inf,160.0,inf,148.0,33.666666666666664,161.66666666666666,33.666666666666664,0.0,0.0,161.66666666666666,33.666666666666664,148.0,33.666666666666664,unavailable
8328180D-DFEE-4B56-B2CB-8EE57824ABC2,160-none-accessibility1,23,intervalRun,Morning Interval Run,20,160.0,accessibility1,none,1,160.0,inf,160.0,inf,153.66666666666666,33.666666666666664,262.66666666666663,33.666666666666664,0.0,0.0,262.66666666666663,33.666666666666664,153.66666666666666,33.666666666666664,unavailable
8328180D-DFEE-4B56-B2CB-8EE57824ABC2,160-none-accessibility1,23,longTrainingSession,Morning Interval Training Session,33,160.0,accessibility1,none,1,160.0,0.0,160.0,0.0,153.66666666666666,33.666666666666664,421.0,33.666666666666664,0.0,0.0,421.0,33.666666666666664,153.66666666666666,33.666666666666664,unavailable
8328180D-DFEE-4B56-B2CB-8EE57824ABC2,160-none-accessibility3,24,shortRun,Run,3,160.0,accessibility3,none,1,160.0,inf,160.0,inf,71.0,48.0,71.0,48.0,0.0,0.0,71.0,48.0,71.0,48.0,unavailable
8328180D-DFEE-4B56-B2CB-8EE57824ABC2,160-none-accessibility3,24,running,Running,7,160.0,accessibility3,none,1,160.0,inf,160.0,inf,149.33333333333331,48.0,149.33333333333331,48.0,0.0,0.0,149.33333333333331,48.0,149.33333333333331,48.0,unavailable
8328180D-DFEE-4B56-B2CB-8EE57824ABC2,160-none-accessibility3,24,morningRun,Morning Run,11,160.0,accessibility3,none,1,160.0,inf,160.0,inf,152.33333333333331,48.0,228.66666666666666,48.0,0.0,0.0,228.66666666666666,48.0,152.33333333333331,48.0,unavailable
8328180D-DFEE-4B56-B2CB-8EE57824ABC2,160-none-accessibility3,24,intervalRun,Morning Interval Run,20,160.0,accessibility3,none,1,160.0,inf,160.0,inf,152.33333333333331,48.0,371.66666666666663,48.0,0.0,0.0,371.66666666666663,48.0,152.33333333333331,48.0,unavailable
8328180D-DFEE-4B56-B2CB-8EE57824ABC2,160-none-accessibility3,24,longTrainingSession,Morning Interval Training Session,33,160.0,accessibility3,none,1,160.0,0.0,160.0,0.0,152.33333333333331,48.0,595.6666666666666,48.0,0.0,0.0,595.6666666666666,48.0,152.33333333333331,48.0,unavailable
8328180D-DFEE-4B56-B2CB-8EE57824ABC2,160-none-accessibility5,25,shortRun,Run,3,160.0,accessibility5,none,1,160.0,inf,160.0,inf,93.33333333333333,63.33333333333333,93.33333333333333,63.33333333333333,0.0,0.0,93.33333333333333,63.33333333333333,93.33333333333333,63.33333333333333,unavailable
8328180D-DFEE-4B56-B2CB-8EE57824ABC2,160-none-accessibility5,25,running,Running,7,160.0,accessibility5,none,1,160.0,inf,160.0,inf,158.0,63.33333333333333,196.33333333333331,63.33333333333333,0.0,0.0,196.33333333333331,63.33333333333333,158.0,63.33333333333333,unavailable
8328180D-DFEE-4B56-B2CB-8EE57824ABC2,160-none-accessibility5,25,morningRun,Morning Run,11,160.0,accessibility5,none,1,160.0,inf,160.0,inf,158.33333333333331,63.33333333333333,301.0,63.33333333333333,0.0,0.0,301.0,63.33333333333333,158.33333333333331,63.33333333333333,unavailable
8328180D-DFEE-4B56-B2CB-8EE57824ABC2,160-none-accessibility5,25,intervalRun,Morning Interval Run,20,160.0,accessibility5,none,1,160.0,inf,160.0,inf,158.33333333333331,63.33333333333333,489.0,63.33333333333333,0.0,0.0,489.0,63.33333333333333,158.33333333333331,63.33333333333333,unavailable
8328180D-DFEE-4B56-B2CB-8EE57824ABC2,160-none-accessibility5,25,longTrainingSession,Morning Interval Training Session,33,160.0,accessibility5,none,1,160.0,0.0,160.0,0.0,158.33333333333331,63.33333333333333,783.0,63.33333333333333,0.0,0.0,783.0,63.33333333333333,158.33333333333331,63.33333333333333,unavailable
8328180D-DFEE-4B56-B2CB-8EE57824ABC2,160-0.8-large,26,shortRun,Run,3,160.0,large,0.8,1,160.0,inf,160.0,inf,31.333333333333332,20.333333333333332,31.333333333333332,20.333333333333332,0.0,0.0,31.333333333333332,20.333333333333332,31.333333333333332,20.333333333333332,unavailable
8328180D-DFEE-4B56-B2CB-8EE57824ABC2,160-0.8-large,26,running,Running,7,160.0,large,0.8,1,160.0,inf,160.0,inf,65.66666666666666,20.333333333333332,65.66666666666666,20.333333333333332,0.0,0.0,65.66666666666666,20.333333333333332,65.66666666666666,20.333333333333332,unavailable
8328180D-DFEE-4B56-B2CB-8EE57824ABC2,160-0.8-large,26,morningRun,Morning Run,11,160.0,large,0.8,1,160.0,inf,160.0,inf,101.0,20.333333333333332,101.0,20.333333333333332,0.0,0.0,101.0,20.333333333333332,101.0,20.333333333333332,unavailable
8328180D-DFEE-4B56-B2CB-8EE57824ABC2,160-0.8-large,26,intervalRun,Morning Interval Run,20,160.0,large,0.8,1,160.0,inf,160.0,inf,159.33333333333331,19.666666666666664,165.0,20.333333333333332,0.0,0.0,165.0,20.333333333333332,159.33333333333331,19.666666666666664,unavailable
8328180D-DFEE-4B56-B2CB-8EE57824ABC2,160-0.8-large,26,longTrainingSession,Morning Interval Training Session,33,160.0,large,0.8,1,160.0,0.0,160.0,0.0,158.66666666666666,16.333333333333332,264.3333333333333,20.333333333333332,0.0,0.0,264.3333333333333,20.333333333333332,158.66666666666666,16.333333333333332,unavailable
8328180D-DFEE-4B56-B2CB-8EE57824ABC2,160-0.8-xxxLarge,27,shortRun,Run,3,160.0,xxxLarge,0.8,1,160.0,inf,160.0,inf,41.0,27.666666666666664,41.0,27.666666666666664,0.0,0.0,41.0,27.666666666666664,41.0,27.666666666666664,unavailable
8328180D-DFEE-4B56-B2CB-8EE57824ABC2,160-0.8-xxxLarge,27,running,Running,7,160.0,xxxLarge,0.8,1,160.0,inf,160.0,inf,86.33333333333333,27.666666666666664,86.33333333333333,27.666666666666664,0.0,0.0,86.33333333333333,27.666666666666664,86.33333333333333,27.666666666666664,unavailable
8328180D-DFEE-4B56-B2CB-8EE57824ABC2,160-0.8-xxxLarge,27,morningRun,Morning Run,11,160.0,xxxLarge,0.8,1,160.0,inf,160.0,inf,132.66666666666666,27.666666666666664,132.66666666666666,27.666666666666664,0.0,0.0,132.66666666666666,27.666666666666664,132.66666666666666,27.666666666666664,unavailable
8328180D-DFEE-4B56-B2CB-8EE57824ABC2,160-0.8-xxxLarge,27,intervalRun,Morning Interval Run,20,160.0,xxxLarge,0.8,1,160.0,inf,160.0,inf,156.66666666666666,22.333333333333332,216.0,27.666666666666664,0.0,0.0,216.0,27.666666666666664,156.66666666666666,22.333333333333332,unavailable
8328180D-DFEE-4B56-B2CB-8EE57824ABC2,160-0.8-xxxLarge,27,longTrainingSession,Morning Interval Training Session,33,160.0,xxxLarge,0.8,1,160.0,0.0,160.0,0.0,156.66666666666666,22.333333333333332,345.66666666666663,27.666666666666664,0.0,0.0,345.66666666666663,27.666666666666664,156.66666666666666,22.333333333333332,unavailable
8328180D-DFEE-4B56-B2CB-8EE57824ABC2,160-0.8-accessibility1,28,shortRun,Run,3,160.0,accessibility1,0.8,1,160.0,inf,160.0,inf,50.0,33.666666666666664,50.0,33.666666666666664,0.0,0.0,50.0,33.666666666666664,50.0,33.666666666666664,unavailable
8328180D-DFEE-4B56-B2CB-8EE57824ABC2,160-0.8-accessibility1,28,running,Running,7,160.0,accessibility1,0.8,1,160.0,inf,160.0,inf,105.33333333333333,33.666666666666664,105.33333333333333,33.666666666666664,0.0,0.0,105.33333333333333,33.666666666666664,105.33333333333333,33.666666666666664,unavailable
8328180D-DFEE-4B56-B2CB-8EE57824ABC2,160-0.8-accessibility1,28,morningRun,Morning Run,11,160.0,accessibility1,0.8,1,160.0,inf,160.0,inf,160.0,33.33333333333333,161.66666666666666,33.666666666666664,0.0,0.0,161.66666666666666,33.666666666666664,160.0,33.33333333333333,unavailable
8328180D-DFEE-4B56-B2CB-8EE57824ABC2,160-0.8-accessibility1,28,intervalRun,Morning Interval Run,20,160.0,accessibility1,0.8,1,160.0,inf,160.0,inf,154.0,27.0,262.66666666666663,33.666666666666664,0.0,0.0,262.66666666666663,33.666666666666664,154.0,27.0,unavailable
8328180D-DFEE-4B56-B2CB-8EE57824ABC2,160-0.8-accessibility1,28,longTrainingSession,Morning Interval Training Session,33,160.0,accessibility1,0.8,1,160.0,0.0,160.0,0.0,154.0,27.0,421.0,33.666666666666664,0.0,0.0,421.0,33.666666666666664,154.0,27.0,unavailable
8328180D-DFEE-4B56-B2CB-8EE57824ABC2,160-0.8-accessibility3,29,shortRun,Run,3,160.0,accessibility3,0.8,1,160.0,inf,160.0,inf,71.0,48.0,71.0,48.0,0.0,0.0,71.0,48.0,71.0,48.0,unavailable
8328180D-DFEE-4B56-B2CB-8EE57824ABC2,160-0.8-accessibility3,29,running,Running,7,160.0,accessibility3,0.8,1,160.0,inf,160.0,inf,149.33333333333331,48.0,149.33333333333331,48.0,0.0,0.0,149.33333333333331,48.0,149.33333333333331,48.0,unavailable
8328180D-DFEE-4B56-B2CB-8EE57824ABC2,160-0.8-accessibility3,29,morningRun,Morning Run,11,160.0,accessibility3,0.8,1,160.0,inf,160.0,inf,141.66666666666666,38.33333333333333,228.66666666666666,48.0,0.0,0.0,228.66666666666666,48.0,141.66666666666666,38.33333333333333,unavailable
8328180D-DFEE-4B56-B2CB-8EE57824ABC2,160-0.8-accessibility3,29,intervalRun,Morning Interval Run,20,160.0,accessibility3,0.8,1,160.0,inf,160.0,inf,157.0,38.33333333333333,371.66666666666663,48.0,0.0,0.0,371.66666666666663,48.0,157.0,38.33333333333333,unavailable
8328180D-DFEE-4B56-B2CB-8EE57824ABC2,160-0.8-accessibility3,29,longTrainingSession,Morning Interval Training Session,33,160.0,accessibility3,0.8,1,160.0,0.0,160.0,0.0,157.0,38.33333333333333,595.6666666666666,48.0,0.0,0.0,595.6666666666666,48.0,157.0,38.33333333333333,unavailable
8328180D-DFEE-4B56-B2CB-8EE57824ABC2,160-0.8-accessibility5,30,shortRun,Run,3,160.0,accessibility5,0.8,1,160.0,inf,160.0,inf,93.33333333333333,63.33333333333333,93.33333333333333,63.33333333333333,0.0,0.0,93.33333333333333,63.33333333333333,93.33333333333333,63.33333333333333,unavailable
8328180D-DFEE-4B56-B2CB-8EE57824ABC2,160-0.8-accessibility5,30,running,Running,7,160.0,accessibility5,0.8,1,160.0,inf,160.0,inf,160.0,51.33333333333333,196.33333333333331,63.33333333333333,0.0,0.0,196.33333333333331,63.33333333333333,160.0,51.33333333333333,unavailable
8328180D-DFEE-4B56-B2CB-8EE57824ABC2,160-0.8-accessibility5,30,morningRun,Morning Run,11,160.0,accessibility5,0.8,1,160.0,inf,160.0,inf,137.66666666666666,51.0,301.0,63.33333333333333,0.0,0.0,301.0,63.33333333333333,137.66666666666666,51.0,unavailable
8328180D-DFEE-4B56-B2CB-8EE57824ABC2,160-0.8-accessibility5,30,intervalRun,Morning Interval Run,20,160.0,accessibility5,0.8,1,160.0,inf,160.0,inf,137.66666666666666,51.0,489.0,63.33333333333333,0.0,0.0,489.0,63.33333333333333,137.66666666666666,51.0,unavailable
8328180D-DFEE-4B56-B2CB-8EE57824ABC2,160-0.8-accessibility5,30,longTrainingSession,Morning Interval Training Session,33,160.0,accessibility5,0.8,1,160.0,0.0,160.0,0.0,137.66666666666666,51.0,783.0,63.33333333333333,0.0,0.0,783.0,63.33333333333333,137.66666666666666,51.0,unavailable
8328180D-DFEE-4B56-B2CB-8EE57824ABC2,160-0.5-large,31,shortRun,Run,3,160.0,large,0.5,1,160.0,inf,160.0,inf,31.333333333333332,20.333333333333332,31.333333333333332,20.333333333333332,0.0,0.0,31.333333333333332,20.333333333333332,31.333333333333332,20.333333333333332,unavailable
8328180D-DFEE-4B56-B2CB-8EE57824ABC2,160-0.5-large,31,running,Running,7,160.0,large,0.5,1,160.0,inf,160.0,inf,65.66666666666666,20.333333333333332,65.66666666666666,20.333333333333332,0.0,0.0,65.66666666666666,20.333333333333332,65.66666666666666,20.333333333333332,unavailable
8328180D-DFEE-4B56-B2CB-8EE57824ABC2,160-0.5-large,31,morningRun,Morning Run,11,160.0,large,0.5,1,160.0,inf,160.0,inf,101.0,20.333333333333332,101.0,20.333333333333332,0.0,0.0,101.0,20.333333333333332,101.0,20.333333333333332,unavailable
8328180D-DFEE-4B56-B2CB-8EE57824ABC2,160-0.5-large,31,intervalRun,Morning Interval Run,20,160.0,large,0.5,1,160.0,inf,160.0,inf,159.33333333333331,19.666666666666664,165.0,20.333333333333332,0.0,0.0,165.0,20.333333333333332,159.33333333333331,19.666666666666664,unavailable
8328180D-DFEE-4B56-B2CB-8EE57824ABC2,160-0.5-large,31,longTrainingSession,Morning Interval Training Session,33,160.0,large,0.5,1,160.0,0.0,160.0,0.0,145.66666666666666,10.333333333333332,264.3333333333333,20.333333333333332,0.0,0.0,264.3333333333333,20.333333333333332,145.66666666666666,10.333333333333332,unavailable
8328180D-DFEE-4B56-B2CB-8EE57824ABC2,160-0.5-xxxLarge,32,shortRun,Run,3,160.0,xxxLarge,0.5,1,160.0,inf,160.0,inf,41.0,27.666666666666664,41.0,27.666666666666664,0.0,0.0,41.0,27.666666666666664,41.0,27.666666666666664,unavailable
8328180D-DFEE-4B56-B2CB-8EE57824ABC2,160-0.5-xxxLarge,32,running,Running,7,160.0,xxxLarge,0.5,1,160.0,inf,160.0,inf,86.33333333333333,27.666666666666664,86.33333333333333,27.666666666666664,0.0,0.0,86.33333333333333,27.666666666666664,86.33333333333333,27.666666666666664,unavailable
8328180D-DFEE-4B56-B2CB-8EE57824ABC2,160-0.5-xxxLarge,32,morningRun,Morning Run,11,160.0,xxxLarge,0.5,1,160.0,inf,160.0,inf,132.66666666666666,27.666666666666664,132.66666666666666,27.666666666666664,0.0,0.0,132.66666666666666,27.666666666666664,132.66666666666666,27.666666666666664,unavailable
8328180D-DFEE-4B56-B2CB-8EE57824ABC2,160-0.5-xxxLarge,32,intervalRun,Morning Interval Run,20,160.0,xxxLarge,0.5,1,160.0,inf,160.0,inf,159.33333333333331,19.666666666666664,216.0,27.666666666666664,0.0,0.0,216.0,27.666666666666664,159.33333333333331,19.666666666666664,unavailable
8328180D-DFEE-4B56-B2CB-8EE57824ABC2,160-0.5-xxxLarge,32,longTrainingSession,Morning Interval Training Session,33,160.0,xxxLarge,0.5,1,160.0,0.0,160.0,0.0,152.66666666666666,14.0,345.66666666666663,27.666666666666664,0.0,0.0,345.66666666666663,27.666666666666664,152.66666666666666,14.0,unavailable
8328180D-DFEE-4B56-B2CB-8EE57824ABC2,160-0.5-accessibility1,33,shortRun,Run,3,160.0,accessibility1,0.5,1,160.0,inf,160.0,inf,50.0,33.666666666666664,50.0,33.666666666666664,0.0,0.0,50.0,33.666666666666664,50.0,33.666666666666664,unavailable
8328180D-DFEE-4B56-B2CB-8EE57824ABC2,160-0.5-accessibility1,33,running,Running,7,160.0,accessibility1,0.5,1,160.0,inf,160.0,inf,105.33333333333333,33.666666666666664,105.33333333333333,33.666666666666664,0.0,0.0,105.33333333333333,33.666666666666664,105.33333333333333,33.666666666666664,unavailable
8328180D-DFEE-4B56-B2CB-8EE57824ABC2,160-0.5-accessibility1,33,morningRun,Morning Run,11,160.0,accessibility1,0.5,1,160.0,inf,160.0,inf,160.0,33.33333333333333,161.66666666666666,33.666666666666664,0.0,0.0,161.66666666666666,33.666666666666664,160.0,33.33333333333333,unavailable
8328180D-DFEE-4B56-B2CB-8EE57824ABC2,160-0.5-accessibility1,33,intervalRun,Morning Interval Run,20,160.0,accessibility1,0.5,1,160.0,inf,160.0,inf,159.33333333333331,19.666666666666664,262.66666666666663,33.666666666666664,0.0,0.0,262.66666666666663,33.666666666666664,159.33333333333331,19.666666666666664,unavailable
8328180D-DFEE-4B56-B2CB-8EE57824ABC2,160-0.5-accessibility1,33,longTrainingSession,Morning Interval Training Session,33,160.0,accessibility1,0.5,1,160.0,0.0,160.0,0.0,160.0,17.0,421.0,33.666666666666664,0.0,0.0,421.0,33.666666666666664,160.0,17.0,unavailable
8328180D-DFEE-4B56-B2CB-8EE57824ABC2,160-0.5-accessibility3,34,shortRun,Run,3,160.0,accessibility3,0.5,1,160.0,inf,160.0,inf,71.0,48.0,71.0,48.0,0.0,0.0,71.0,48.0,71.0,48.0,unavailable
8328180D-DFEE-4B56-B2CB-8EE57824ABC2,160-0.5-accessibility3,34,running,Running,7,160.0,accessibility3,0.5,1,160.0,inf,160.0,inf,149.33333333333331,48.0,149.33333333333331,48.0,0.0,0.0,149.33333333333331,48.0,149.33333333333331,48.0,unavailable
8328180D-DFEE-4B56-B2CB-8EE57824ABC2,160-0.5-accessibility3,34,morningRun,Morning Run,11,160.0,accessibility3,0.5,1,160.0,inf,160.0,inf,160.0,33.33333333333333,228.66666666666666,48.0,0.0,0.0,228.66666666666666,48.0,160.0,33.33333333333333,unavailable
8328180D-DFEE-4B56-B2CB-8EE57824ABC2,160-0.5-accessibility3,34,intervalRun,Morning Interval Run,20,160.0,accessibility3,0.5,1,160.0,inf,160.0,inf,150.33333333333331,24.0,371.66666666666663,48.0,0.0,0.0,371.66666666666663,48.0,150.33333333333331,24.0,unavailable
8328180D-DFEE-4B56-B2CB-8EE57824ABC2,160-0.5-accessibility3,34,longTrainingSession,Morning Interval Training Session,33,160.0,accessibility3,0.5,1,160.0,0.0,160.0,0.0,150.33333333333331,24.0,595.6666666666666,48.0,0.0,0.0,595.6666666666666,48.0,150.33333333333331,24.0,unavailable
8328180D-DFEE-4B56-B2CB-8EE57824ABC2,160-0.5-accessibility5,35,shortRun,Run,3,160.0,accessibility5,0.5,1,160.0,inf,160.0,inf,93.33333333333333,63.33333333333333,93.33333333333333,63.33333333333333,0.0,0.0,93.33333333333333,63.33333333333333,93.33333333333333,63.33333333333333,unavailable
8328180D-DFEE-4B56-B2CB-8EE57824ABC2,160-0.5-accessibility5,35,running,Running,7,160.0,accessibility5,0.5,1,160.0,inf,160.0,inf,160.0,51.33333333333333,196.33333333333331,63.33333333333333,0.0,0.0,196.33333333333331,63.33333333333333,160.0,51.33333333333333,unavailable
8328180D-DFEE-4B56-B2CB-8EE57824ABC2,160-0.5-accessibility5,35,morningRun,Morning Run,11,160.0,accessibility5,0.5,1,160.0,inf,160.0,inf,160.0,33.33333333333333,301.0,63.33333333333333,0.0,0.0,301.0,63.33333333333333,160.0,33.33333333333333,unavailable
8328180D-DFEE-4B56-B2CB-8EE57824ABC2,160-0.5-accessibility5,35,intervalRun,Morning Interval Run,20,160.0,accessibility5,0.5,1,160.0,inf,160.0,inf,154.33333333333331,31.666666666666664,489.0,63.33333333333333,0.0,0.0,489.0,63.33333333333333,154.33333333333331,31.666666666666664,unavailable
8328180D-DFEE-4B56-B2CB-8EE57824ABC2,160-0.5-accessibility5,35,longTrainingSession,Morning Interval Training Session,33,160.0,accessibility5,0.5,1,160.0,0.0,160.0,0.0,154.33333333333331,31.666666666666664,783.0,63.33333333333333,0.0,0.0,783.0,63.33333333333333,154.33333333333331,31.666666666666664,unavailable
8328180D-DFEE-4B56-B2CB-8EE57824ABC2,160-0.1-large,36,shortRun,Run,3,160.0,large,0.1,1,160.0,inf,160.0,inf,31.333333333333332,20.333333333333332,31.333333333333332,20.333333333333332,0.0,0.0,31.333333333333332,20.333333333333332,31.333333333333332,20.333333333333332,unavailable
8328180D-DFEE-4B56-B2CB-8EE57824ABC2,160-0.1-large,36,running,Running,7,160.0,large,0.1,1,160.0,inf,160.0,inf,65.66666666666666,20.333333333333332,65.66666666666666,20.333333333333332,0.0,0.0,65.66666666666666,20.333333333333332,65.66666666666666,20.333333333333332,unavailable
8328180D-DFEE-4B56-B2CB-8EE57824ABC2,160-0.1-large,36,morningRun,Morning Run,11,160.0,large,0.1,1,160.0,inf,160.0,inf,101.0,20.333333333333332,101.0,20.333333333333332,0.0,0.0,101.0,20.333333333333332,101.0,20.333333333333332,unavailable
8328180D-DFEE-4B56-B2CB-8EE57824ABC2,160-0.1-large,36,intervalRun,Morning Interval Run,20,160.0,large,0.1,1,160.0,inf,160.0,inf,159.33333333333331,19.666666666666664,165.0,20.333333333333332,0.0,0.0,165.0,20.333333333333332,159.33333333333331,19.666666666666664,unavailable
8328180D-DFEE-4B56-B2CB-8EE57824ABC2,160-0.1-large,36,longTrainingSession,Morning Interval Training Session,33,160.0,large,0.1,1,160.0,0.0,160.0,0.0,31.0,2.333333333333333,264.3333333333333,20.333333333333332,0.0,0.0,264.3333333333333,20.333333333333332,31.0,2.333333333333333,unavailable
8328180D-DFEE-4B56-B2CB-8EE57824ABC2,160-0.1-xxxLarge,37,shortRun,Run,3,160.0,xxxLarge,0.1,1,160.0,inf,160.0,inf,41.0,27.666666666666664,41.0,27.666666666666664,0.0,0.0,41.0,27.666666666666664,41.0,27.666666666666664,unavailable
8328180D-DFEE-4B56-B2CB-8EE57824ABC2,160-0.1-xxxLarge,37,running,Running,7,160.0,xxxLarge,0.1,1,160.0,inf,160.0,inf,86.33333333333333,27.666666666666664,86.33333333333333,27.666666666666664,0.0,0.0,86.33333333333333,27.666666666666664,86.33333333333333,27.666666666666664,unavailable
8328180D-DFEE-4B56-B2CB-8EE57824ABC2,160-0.1-xxxLarge,37,morningRun,Morning Run,11,160.0,xxxLarge,0.1,1,160.0,inf,160.0,inf,132.66666666666666,27.666666666666664,132.66666666666666,27.666666666666664,0.0,0.0,132.66666666666666,27.666666666666664,132.66666666666666,27.666666666666664,unavailable
8328180D-DFEE-4B56-B2CB-8EE57824ABC2,160-0.1-xxxLarge,37,intervalRun,Morning Interval Run,20,160.0,xxxLarge,0.1,1,160.0,inf,160.0,inf,159.33333333333331,19.666666666666664,216.0,27.666666666666664,0.0,0.0,216.0,27.666666666666664,159.33333333333331,19.666666666666664,unavailable
8328180D-DFEE-4B56-B2CB-8EE57824ABC2,160-0.1-xxxLarge,37,longTrainingSession,Morning Interval Training Session,33,160.0,xxxLarge,0.1,1,160.0,0.0,160.0,0.0,40.0,3.0,345.66666666666663,27.666666666666664,0.0,0.0,345.66666666666663,27.666666666666664,40.0,3.0,unavailable
8328180D-DFEE-4B56-B2CB-8EE57824ABC2,160-0.1-accessibility1,38,shortRun,Run,3,160.0,accessibility1,0.1,1,160.0,inf,160.0,inf,50.0,33.666666666666664,50.0,33.666666666666664,0.0,0.0,50.0,33.666666666666664,50.0,33.666666666666664,unavailable
8328180D-DFEE-4B56-B2CB-8EE57824ABC2,160-0.1-accessibility1,38,running,Running,7,160.0,accessibility1,0.1,1,160.0,inf,160.0,inf,105.33333333333333,33.666666666666664,105.33333333333333,33.666666666666664,0.0,0.0,105.33333333333333,33.666666666666664,105.33333333333333,33.666666666666664,unavailable
8328180D-DFEE-4B56-B2CB-8EE57824ABC2,160-0.1-accessibility1,38,morningRun,Morning Run,11,160.0,accessibility1,0.1,1,160.0,inf,160.0,inf,160.0,33.33333333333333,161.66666666666666,33.666666666666664,0.0,0.0,161.66666666666666,33.666666666666664,160.0,33.33333333333333,unavailable
8328180D-DFEE-4B56-B2CB-8EE57824ABC2,160-0.1-accessibility1,38,intervalRun,Morning Interval Run,20,160.0,accessibility1,0.1,1,160.0,inf,160.0,inf,159.33333333333331,19.666666666666664,262.66666666666663,33.666666666666664,0.0,0.0,262.66666666666663,33.666666666666664,159.33333333333331,19.666666666666664,unavailable
8328180D-DFEE-4B56-B2CB-8EE57824ABC2,160-0.1-accessibility1,38,longTrainingSession,Morning Interval Training Session,33,160.0,accessibility1,0.1,1,160.0,0.0,160.0,0.0,49.0,3.333333333333333,421.0,33.666666666666664,0.0,0.0,421.0,33.666666666666664,49.0,3.333333333333333,unavailable
8328180D-DFEE-4B56-B2CB-8EE57824ABC2,160-0.1-accessibility3,39,shortRun,Run,3,160.0,accessibility3,0.1,1,160.0,inf,160.0,inf,71.0,48.0,71.0,48.0,0.0,0.0,71.0,48.0,71.0,48.0,unavailable
8328180D-DFEE-4B56-B2CB-8EE57824ABC2,160-0.1-accessibility3,39,running,Running,7,160.0,accessibility3,0.1,1,160.0,inf,160.0,inf,149.33333333333331,48.0,149.33333333333331,48.0,0.0,0.0,149.33333333333331,48.0,149.33333333333331,48.0,unavailable
8328180D-DFEE-4B56-B2CB-8EE57824ABC2,160-0.1-accessibility3,39,morningRun,Morning Run,11,160.0,accessibility3,0.1,1,160.0,inf,160.0,inf,160.0,33.33333333333333,228.66666666666666,48.0,0.0,0.0,228.66666666666666,48.0,160.0,33.33333333333333,unavailable
8328180D-DFEE-4B56-B2CB-8EE57824ABC2,160-0.1-accessibility3,39,intervalRun,Morning Interval Run,20,160.0,accessibility3,0.1,1,160.0,inf,160.0,inf,157.33333333333331,19.333333333333332,371.66666666666663,48.0,0.0,0.0,371.66666666666663,48.0,157.33333333333331,19.333333333333332,unavailable
8328180D-DFEE-4B56-B2CB-8EE57824ABC2,160-0.1-accessibility3,39,longTrainingSession,Morning Interval Training Session,33,160.0,accessibility3,0.1,1,160.0,0.0,160.0,0.0,71.0,5.0,595.6666666666666,48.0,0.0,0.0,595.6666666666666,48.0,71.0,5.0,unavailable
8328180D-DFEE-4B56-B2CB-8EE57824ABC2,160-0.1-accessibility5,40,shortRun,Run,3,160.0,accessibility5,0.1,1,160.0,inf,160.0,inf,93.33333333333333,63.33333333333333,93.33333333333333,63.33333333333333,0.0,0.0,93.33333333333333,63.33333333333333,93.33333333333333,63.33333333333333,unavailable
8328180D-DFEE-4B56-B2CB-8EE57824ABC2,160-0.1-accessibility5,40,running,Running,7,160.0,accessibility5,0.1,1,160.0,inf,160.0,inf,160.0,51.33333333333333,196.33333333333331,63.33333333333333,0.0,0.0,196.33333333333331,63.33333333333333,160.0,51.33333333333333,unavailable
8328180D-DFEE-4B56-B2CB-8EE57824ABC2,160-0.1-accessibility5,40,morningRun,Morning Run,11,160.0,accessibility5,0.1,1,160.0,inf,160.0,inf,160.0,33.33333333333333,301.0,63.33333333333333,0.0,0.0,301.0,63.33333333333333,160.0,33.33333333333333,unavailable
8328180D-DFEE-4B56-B2CB-8EE57824ABC2,160-0.1-accessibility5,40,intervalRun,Morning Interval Run,20,160.0,accessibility5,0.1,1,160.0,inf,160.0,inf,157.33333333333331,19.333333333333332,489.0,63.33333333333333,0.0,0.0,489.0,63.33333333333333,157.33333333333331,19.333333333333332,unavailable
8328180D-DFEE-4B56-B2CB-8EE57824ABC2,160-0.1-accessibility5,40,longTrainingSession,Morning Interval Training Session,33,160.0,accessibility5,0.1,1,160.0,0.0,160.0,0.0,93.0,6.333333333333333,783.0,63.33333333333333,0.0,0.0,783.0,63.33333333333333,93.0,6.333333333333333,unavailable
8328180D-DFEE-4B56-B2CB-8EE57824ABC2,120-none-large,41,shortRun,Run,3,120.0,large,none,1,120.0,inf,120.0,inf,31.333333333333332,20.333333333333332,31.333333333333332,20.333333333333332,0.0,0.0,31.333333333333332,20.333333333333332,31.333333333333332,20.333333333333332,unavailable
8328180D-DFEE-4B56-B2CB-8EE57824ABC2,120-none-large,41,running,Running,7,120.0,large,none,1,120.0,inf,120.0,inf,65.66666666666666,20.333333333333332,65.66666666666666,20.333333333333332,0.0,0.0,65.66666666666666,20.333333333333332,65.66666666666666,20.333333333333332,unavailable
8328180D-DFEE-4B56-B2CB-8EE57824ABC2,120-none-large,41,morningRun,Morning Run,11,120.0,large,none,1,120.0,inf,120.0,inf,101.0,20.333333333333332,101.0,20.333333333333332,0.0,0.0,101.0,20.333333333333332,101.0,20.333333333333332,unavailable
8328180D-DFEE-4B56-B2CB-8EE57824ABC2,120-none-large,41,intervalRun,Morning Interval Run,20,120.0,large,none,1,120.0,inf,120.0,inf,115.33333333333333,20.333333333333332,165.0,20.333333333333332,0.0,0.0,165.0,20.333333333333332,115.33333333333333,20.333333333333332,unavailable
8328180D-DFEE-4B56-B2CB-8EE57824ABC2,120-none-large,41,longTrainingSession,Morning Interval Training Session,33,120.0,large,none,1,120.0,0.0,120.0,0.0,115.33333333333333,20.333333333333332,264.3333333333333,20.333333333333332,0.0,0.0,264.3333333333333,20.333333333333332,115.33333333333333,20.333333333333332,unavailable
8328180D-DFEE-4B56-B2CB-8EE57824ABC2,120-none-xxxLarge,42,shortRun,Run,3,120.0,xxxLarge,none,1,120.0,inf,120.0,inf,41.0,27.666666666666664,41.0,27.666666666666664,0.0,0.0,41.0,27.666666666666664,41.0,27.666666666666664,unavailable
8328180D-DFEE-4B56-B2CB-8EE57824ABC2,120-none-xxxLarge,42,running,Running,7,120.0,xxxLarge,none,1,120.0,inf,120.0,inf,86.33333333333333,27.666666666666664,86.33333333333333,27.666666666666664,0.0,0.0,86.33333333333333,27.666666666666664,86.33333333333333,27.666666666666664,unavailable
8328180D-DFEE-4B56-B2CB-8EE57824ABC2,120-none-xxxLarge,42,morningRun,Morning Run,11,120.0,xxxLarge,none,1,120.0,inf,120.0,inf,103.33333333333333,27.666666666666664,132.66666666666666,27.666666666666664,0.0,0.0,132.66666666666666,27.666666666666664,103.33333333333333,27.666666666666664,unavailable
8328180D-DFEE-4B56-B2CB-8EE57824ABC2,120-none-xxxLarge,42,intervalRun,Morning Interval Run,20,120.0,xxxLarge,none,1,120.0,inf,120.0,inf,114.33333333333333,27.666666666666664,216.0,27.666666666666664,0.0,0.0,216.0,27.666666666666664,114.33333333333333,27.666666666666664,unavailable
8328180D-DFEE-4B56-B2CB-8EE57824ABC2,120-none-xxxLarge,42,longTrainingSession,Morning Interval Training Session,33,120.0,xxxLarge,none,1,120.0,0.0,120.0,0.0,114.33333333333333,27.666666666666664,345.66666666666663,27.666666666666664,0.0,0.0,345.66666666666663,27.666666666666664,114.33333333333333,27.666666666666664,unavailable
8328180D-DFEE-4B56-B2CB-8EE57824ABC2,120-none-accessibility1,43,shortRun,Run,3,120.0,accessibility1,none,1,120.0,inf,120.0,inf,50.0,33.666666666666664,50.0,33.666666666666664,0.0,0.0,50.0,33.666666666666664,50.0,33.666666666666664,unavailable
8328180D-DFEE-4B56-B2CB-8EE57824ABC2,120-none-accessibility1,43,running,Running,7,120.0,accessibility1,none,1,120.0,inf,120.0,inf,105.33333333333333,33.666666666666664,105.33333333333333,33.666666666666664,0.0,0.0,105.33333333333333,33.666666666666664,105.33333333333333,33.666666666666664,unavailable
8328180D-DFEE-4B56-B2CB-8EE57824ABC2,120-none-accessibility1,43,morningRun,Morning Run,11,120.0,accessibility1,none,1,120.0,inf,120.0,inf,107.66666666666666,33.666666666666664,161.66666666666666,33.666666666666664,0.0,0.0,161.66666666666666,33.666666666666664,107.66666666666666,33.666666666666664,unavailable
8328180D-DFEE-4B56-B2CB-8EE57824ABC2,120-none-accessibility1,43,intervalRun,Morning Interval Run,20,120.0,accessibility1,none,1,120.0,inf,120.0,inf,107.66666666666666,33.666666666666664,262.66666666666663,33.666666666666664,0.0,0.0,262.66666666666663,33.666666666666664,107.66666666666666,33.666666666666664,unavailable
8328180D-DFEE-4B56-B2CB-8EE57824ABC2,120-none-accessibility1,43,longTrainingSession,Morning Interval Training Session,33,120.0,accessibility1,none,1,120.0,0.0,120.0,0.0,107.66666666666666,33.666666666666664,421.0,33.666666666666664,0.0,0.0,421.0,33.666666666666664,107.66666666666666,33.666666666666664,unavailable
8328180D-DFEE-4B56-B2CB-8EE57824ABC2,120-none-accessibility3,44,shortRun,Run,3,120.0,accessibility3,none,1,120.0,inf,120.0,inf,71.0,48.0,71.0,48.0,0.0,0.0,71.0,48.0,71.0,48.0,unavailable
8328180D-DFEE-4B56-B2CB-8EE57824ABC2,120-none-accessibility3,44,running,Running,7,120.0,accessibility3,none,1,120.0,inf,120.0,inf,120.0,48.0,149.33333333333331,48.0,0.0,0.0,149.33333333333331,48.0,120.0,48.0,unavailable
8328180D-DFEE-4B56-B2CB-8EE57824ABC2,120-none-accessibility3,44,morningRun,Morning Run,11,120.0,accessibility3,none,1,120.0,inf,120.0,inf,97.66666666666666,48.0,228.66666666666666,48.0,0.0,0.0,228.66666666666666,48.0,97.66666666666666,48.0,unavailable
8328180D-DFEE-4B56-B2CB-8EE57824ABC2,120-none-accessibility3,44,intervalRun,Morning Interval Run,20,120.0,accessibility3,none,1,120.0,inf,120.0,inf,97.66666666666666,48.0,371.66666666666663,48.0,0.0,0.0,371.66666666666663,48.0,97.66666666666666,48.0,unavailable
8328180D-DFEE-4B56-B2CB-8EE57824ABC2,120-none-accessibility3,44,longTrainingSession,Morning Interval Training Session,33,120.0,accessibility3,none,1,120.0,0.0,120.0,0.0,97.66666666666666,48.0,595.6666666666666,48.0,0.0,0.0,595.6666666666666,48.0,97.66666666666666,48.0,unavailable
8328180D-DFEE-4B56-B2CB-8EE57824ABC2,120-none-accessibility5,45,shortRun,Run,3,120.0,accessibility5,none,1,120.0,inf,120.0,inf,93.33333333333333,63.33333333333333,93.33333333333333,63.33333333333333,0.0,0.0,93.33333333333333,63.33333333333333,93.33333333333333,63.33333333333333,unavailable
8328180D-DFEE-4B56-B2CB-8EE57824ABC2,120-none-accessibility5,45,running,Running,7,120.0,accessibility5,none,1,120.0,inf,120.0,inf,98.0,63.33333333333333,196.33333333333331,63.33333333333333,0.0,0.0,196.33333333333331,63.33333333333333,98.0,63.33333333333333,unavailable
8328180D-DFEE-4B56-B2CB-8EE57824ABC2,120-none-accessibility5,45,morningRun,Morning Run,11,120.0,accessibility5,none,1,120.0,inf,120.0,inf,110.0,63.33333333333333,301.0,63.33333333333333,0.0,0.0,301.0,63.33333333333333,110.0,63.33333333333333,unavailable
8328180D-DFEE-4B56-B2CB-8EE57824ABC2,120-none-accessibility5,45,intervalRun,Morning Interval Run,20,120.0,accessibility5,none,1,120.0,inf,120.0,inf,110.0,63.33333333333333,489.0,63.33333333333333,0.0,0.0,489.0,63.33333333333333,110.0,63.33333333333333,unavailable
8328180D-DFEE-4B56-B2CB-8EE57824ABC2,120-none-accessibility5,45,longTrainingSession,Morning Interval Training Session,33,120.0,accessibility5,none,1,120.0,0.0,120.0,0.0,110.0,63.33333333333333,783.0,63.33333333333333,0.0,0.0,783.0,63.33333333333333,110.0,63.33333333333333,unavailable
8328180D-DFEE-4B56-B2CB-8EE57824ABC2,120-0.8-large,46,shortRun,Run,3,120.0,large,0.8,1,120.0,inf,120.0,inf,31.333333333333332,20.333333333333332,31.333333333333332,20.333333333333332,0.0,0.0,31.333333333333332,20.333333333333332,31.333333333333332,20.333333333333332,unavailable
8328180D-DFEE-4B56-B2CB-8EE57824ABC2,120-0.8-large,46,running,Running,7,120.0,large,0.8,1,120.0,inf,120.0,inf,65.66666666666666,20.333333333333332,65.66666666666666,20.333333333333332,0.0,0.0,65.66666666666666,20.333333333333332,65.66666666666666,20.333333333333332,unavailable
8328180D-DFEE-4B56-B2CB-8EE57824ABC2,120-0.8-large,46,morningRun,Morning Run,11,120.0,large,0.8,1,120.0,inf,120.0,inf,101.0,20.333333333333332,101.0,20.333333333333332,0.0,0.0,101.0,20.333333333333332,101.0,20.333333333333332,unavailable
8328180D-DFEE-4B56-B2CB-8EE57824ABC2,120-0.8-large,46,intervalRun,Morning Interval Run,20,120.0,large,0.8,1,120.0,inf,120.0,inf,119.0,16.333333333333332,165.0,20.333333333333332,0.0,0.0,165.0,20.333333333333332,119.0,16.333333333333332,unavailable
8328180D-DFEE-4B56-B2CB-8EE57824ABC2,120-0.8-large,46,longTrainingSession,Morning Interval Training Session,33,120.0,large,0.8,1,120.0,0.0,120.0,0.0,119.0,16.333333333333332,264.3333333333333,20.333333333333332,0.0,0.0,264.3333333333333,20.333333333333332,119.0,16.333333333333332,unavailable
8328180D-DFEE-4B56-B2CB-8EE57824ABC2,120-0.8-xxxLarge,47,shortRun,Run,3,120.0,xxxLarge,0.8,1,120.0,inf,120.0,inf,41.0,27.666666666666664,41.0,27.666666666666664,0.0,0.0,41.0,27.666666666666664,41.0,27.666666666666664,unavailable
8328180D-DFEE-4B56-B2CB-8EE57824ABC2,120-0.8-xxxLarge,47,running,Running,7,120.0,xxxLarge,0.8,1,120.0,inf,120.0,inf,86.33333333333333,27.666666666666664,86.33333333333333,27.666666666666664,0.0,0.0,86.33333333333333,27.666666666666664,86.33333333333333,27.666666666666664,unavailable
8328180D-DFEE-4B56-B2CB-8EE57824ABC2,120-0.8-xxxLarge,47,morningRun,Morning Run,11,120.0,xxxLarge,0.8,1,120.0,inf,120.0,inf,119.33333333333333,24.666666666666664,132.66666666666666,27.666666666666664,0.0,0.0,132.66666666666666,27.666666666666664,119.33333333333333,24.666666666666664,unavailable
8328180D-DFEE-4B56-B2CB-8EE57824ABC2,120-0.8-xxxLarge,47,intervalRun,Morning Interval Run,20,120.0,xxxLarge,0.8,1,120.0,inf,120.0,inf,114.33333333333333,22.333333333333332,216.0,27.666666666666664,0.0,0.0,216.0,27.666666666666664,114.33333333333333,22.333333333333332,unavailable
8328180D-DFEE-4B56-B2CB-8EE57824ABC2,120-0.8-xxxLarge,47,longTrainingSession,Morning Interval Training Session,33,120.0,xxxLarge,0.8,1,120.0,0.0,120.0,0.0,114.33333333333333,22.333333333333332,345.66666666666663,27.666666666666664,0.0,0.0,345.66666666666663,27.666666666666664,114.33333333333333,22.333333333333332,unavailable
8328180D-DFEE-4B56-B2CB-8EE57824ABC2,120-0.8-accessibility1,48,shortRun,Run,3,120.0,accessibility1,0.8,1,120.0,inf,120.0,inf,50.0,33.666666666666664,50.0,33.666666666666664,0.0,0.0,50.0,33.666666666666664,50.0,33.666666666666664,unavailable
8328180D-DFEE-4B56-B2CB-8EE57824ABC2,120-0.8-accessibility1,48,running,Running,7,120.0,accessibility1,0.8,1,120.0,inf,120.0,inf,105.33333333333333,33.666666666666664,105.33333333333333,33.666666666666664,0.0,0.0,105.33333333333333,33.666666666666664,105.33333333333333,33.666666666666664,unavailable
8328180D-DFEE-4B56-B2CB-8EE57824ABC2,120-0.8-accessibility1,48,morningRun,Morning Run,11,120.0,accessibility1,0.8,1,120.0,inf,120.0,inf,101.66666666666666,27.0,161.66666666666666,33.666666666666664,0.0,0.0,161.66666666666666,33.666666666666664,101.66666666666666,27.0,unavailable
8328180D-DFEE-4B56-B2CB-8EE57824ABC2,120-0.8-accessibility1,48,intervalRun,Morning Interval Run,20,120.0,accessibility1,0.8,1,120.0,inf,120.0,inf,112.33333333333333,27.0,262.66666666666663,33.666666666666664,0.0,0.0,262.66666666666663,33.666666666666664,112.33333333333333,27.0,unavailable
8328180D-DFEE-4B56-B2CB-8EE57824ABC2,120-0.8-accessibility1,48,longTrainingSession,Morning Interval Training Session,33,120.0,accessibility1,0.8,1,120.0,0.0,120.0,0.0,112.33333333333333,27.0,421.0,33.666666666666664,0.0,0.0,421.0,33.666666666666664,112.33333333333333,27.0,unavailable
8328180D-DFEE-4B56-B2CB-8EE57824ABC2,120-0.8-accessibility3,49,shortRun,Run,3,120.0,accessibility3,0.8,1,120.0,inf,120.0,inf,71.0,48.0,71.0,48.0,0.0,0.0,71.0,48.0,71.0,48.0,unavailable
8328180D-DFEE-4B56-B2CB-8EE57824ABC2,120-0.8-accessibility3,49,running,Running,7,120.0,accessibility3,0.8,1,120.0,inf,120.0,inf,104.33333333333333,38.33333333333333,149.33333333333331,48.0,0.0,0.0,149.33333333333331,48.0,104.33333333333333,38.33333333333333,unavailable
8328180D-DFEE-4B56-B2CB-8EE57824ABC2,120-0.8-accessibility3,49,morningRun,Morning Run,11,120.0,accessibility3,0.8,1,120.0,inf,120.0,inf,104.66666666666666,38.33333333333333,228.66666666666666,48.0,0.0,0.0,228.66666666666666,48.0,104.66666666666666,38.33333333333333,unavailable
8328180D-DFEE-4B56-B2CB-8EE57824ABC2,120-0.8-accessibility3,49,intervalRun,Morning Interval Run,20,120.0,accessibility3,0.8,1,120.0,inf,120.0,inf,104.66666666666666,38.33333333333333,371.66666666666663,48.0,0.0,0.0,371.66666666666663,48.0,104.66666666666666,38.33333333333333,unavailable
8328180D-DFEE-4B56-B2CB-8EE57824ABC2,120-0.8-accessibility3,49,longTrainingSession,Morning Interval Training Session,33,120.0,accessibility3,0.8,1,120.0,0.0,120.0,0.0,104.66666666666666,38.33333333333333,595.6666666666666,48.0,0.0,0.0,595.6666666666666,48.0,104.66666666666666,38.33333333333333,unavailable
8328180D-DFEE-4B56-B2CB-8EE57824ABC2,120-0.8-accessibility5,50,shortRun,Run,3,120.0,accessibility5,0.8,1,120.0,inf,120.0,inf,93.33333333333333,63.33333333333333,93.33333333333333,63.33333333333333,0.0,0.0,93.33333333333333,63.33333333333333,93.33333333333333,63.33333333333333,unavailable
8328180D-DFEE-4B56-B2CB-8EE57824ABC2,120-0.8-accessibility5,50,running,Running,7,120.0,accessibility5,0.8,1,120.0,inf,120.0,inf,103.0,51.0,196.33333333333331,63.33333333333333,0.0,0.0,196.33333333333331,63.33333333333333,103.0,51.0,unavailable
8328180D-DFEE-4B56-B2CB-8EE57824ABC2,120-0.8-accessibility5,50,morningRun,Morning Run,11,120.0,accessibility5,0.8,1,120.0,inf,120.0,inf,103.66666666666666,51.0,301.0,63.33333333333333,0.0,0.0,301.0,63.33333333333333,103.66666666666666,51.0,unavailable
8328180D-DFEE-4B56-B2CB-8EE57824ABC2,120-0.8-accessibility5,50,intervalRun,Morning Interval Run,20,120.0,accessibility5,0.8,1,120.0,inf,120.0,inf,103.66666666666666,51.0,489.0,63.33333333333333,0.0,0.0,489.0,63.33333333333333,103.66666666666666,51.0,unavailable
8328180D-DFEE-4B56-B2CB-8EE57824ABC2,120-0.8-accessibility5,50,longTrainingSession,Morning Interval Training Session,33,120.0,accessibility5,0.8,1,120.0,0.0,120.0,0.0,103.66666666666666,51.0,783.0,63.33333333333333,0.0,0.0,783.0,63.33333333333333,103.66666666666666,51.0,unavailable
8328180D-DFEE-4B56-B2CB-8EE57824ABC2,120-0.5-large,51,shortRun,Run,3,120.0,large,0.5,1,120.0,inf,120.0,inf,31.333333333333332,20.333333333333332,31.333333333333332,20.333333333333332,0.0,0.0,31.333333333333332,20.333333333333332,31.333333333333332,20.333333333333332,unavailable
8328180D-DFEE-4B56-B2CB-8EE57824ABC2,120-0.5-large,51,running,Running,7,120.0,large,0.5,1,120.0,inf,120.0,inf,65.66666666666666,20.333333333333332,65.66666666666666,20.333333333333332,0.0,0.0,65.66666666666666,20.333333333333332,65.66666666666666,20.333333333333332,unavailable
8328180D-DFEE-4B56-B2CB-8EE57824ABC2,120-0.5-large,51,morningRun,Morning Run,11,120.0,large,0.5,1,120.0,inf,120.0,inf,101.0,20.333333333333332,101.0,20.333333333333332,0.0,0.0,101.0,20.333333333333332,101.0,20.333333333333332,unavailable
8328180D-DFEE-4B56-B2CB-8EE57824ABC2,120-0.5-large,51,intervalRun,Morning Interval Run,20,120.0,large,0.5,1,120.0,inf,120.0,inf,118.33333333333333,14.0,165.0,20.333333333333332,0.0,0.0,165.0,20.333333333333332,118.33333333333333,14.0,unavailable
8328180D-DFEE-4B56-B2CB-8EE57824ABC2,120-0.5-large,51,longTrainingSession,Morning Interval Training Session,33,120.0,large,0.5,1,120.0,0.0,120.0,0.0,117.0,10.333333333333332,264.3333333333333,20.333333333333332,0.0,0.0,264.3333333333333,20.333333333333332,117.0,10.333333333333332,unavailable
8328180D-DFEE-4B56-B2CB-8EE57824ABC2,120-0.5-xxxLarge,52,shortRun,Run,3,120.0,xxxLarge,0.5,1,120.0,inf,120.0,inf,41.0,27.666666666666664,41.0,27.666666666666664,0.0,0.0,41.0,27.666666666666664,41.0,27.666666666666664,unavailable
8328180D-DFEE-4B56-B2CB-8EE57824ABC2,120-0.5-xxxLarge,52,running,Running,7,120.0,xxxLarge,0.5,1,120.0,inf,120.0,inf,86.33333333333333,27.666666666666664,86.33333333333333,27.666666666666664,0.0,0.0,86.33333333333333,27.666666666666664,86.33333333333333,27.666666666666664,unavailable
8328180D-DFEE-4B56-B2CB-8EE57824ABC2,120-0.5-xxxLarge,52,morningRun,Morning Run,11,120.0,xxxLarge,0.5,1,120.0,inf,120.0,inf,119.33333333333333,24.666666666666664,132.66666666666666,27.666666666666664,0.0,0.0,132.66666666666666,27.666666666666664,119.33333333333333,24.666666666666664,unavailable
8328180D-DFEE-4B56-B2CB-8EE57824ABC2,120-0.5-xxxLarge,52,intervalRun,Morning Interval Run,20,120.0,xxxLarge,0.5,1,120.0,inf,120.0,inf,118.33333333333333,14.0,216.0,27.666666666666664,0.0,0.0,216.0,27.666666666666664,118.33333333333333,14.0,unavailable
8328180D-DFEE-4B56-B2CB-8EE57824ABC2,120-0.5-xxxLarge,52,longTrainingSession,Morning Interval Training Session,33,120.0,xxxLarge,0.5,1,120.0,0.0,120.0,0.0,118.0,14.0,345.66666666666663,27.666666666666664,0.0,0.0,345.66666666666663,27.666666666666664,118.0,14.0,unavailable
8328180D-DFEE-4B56-B2CB-8EE57824ABC2,120-0.5-accessibility1,53,shortRun,Run,3,120.0,accessibility1,0.5,1,120.0,inf,120.0,inf,50.0,33.666666666666664,50.0,33.666666666666664,0.0,0.0,50.0,33.666666666666664,50.0,33.666666666666664,unavailable
8328180D-DFEE-4B56-B2CB-8EE57824ABC2,120-0.5-accessibility1,53,running,Running,7,120.0,accessibility1,0.5,1,120.0,inf,120.0,inf,105.33333333333333,33.666666666666664,105.33333333333333,33.666666666666664,0.0,0.0,105.33333333333333,33.666666666666664,105.33333333333333,33.666666666666664,unavailable
8328180D-DFEE-4B56-B2CB-8EE57824ABC2,120-0.5-accessibility1,53,morningRun,Morning Run,11,120.0,accessibility1,0.5,1,120.0,inf,120.0,inf,119.33333333333333,24.666666666666664,161.66666666666666,33.666666666666664,0.0,0.0,161.66666666666666,33.666666666666664,119.33333333333333,24.666666666666664,unavailable
8328180D-DFEE-4B56-B2CB-8EE57824ABC2,120-0.5-accessibility1,53,intervalRun,Morning Interval Run,20,120.0,accessibility1,0.5,1,120.0,inf,120.0,inf,119.0,17.0,262.66666666666663,33.666666666666664,0.0,0.0,262.66666666666663,33.666666666666664,119.0,17.0,unavailable
8328180D-DFEE-4B56-B2CB-8EE57824ABC2,120-0.5-accessibility1,53,longTrainingSession,Morning Interval Training Session,33,120.0,accessibility1,0.5,1,120.0,0.0,120.0,0.0,119.0,17.0,421.0,33.666666666666664,0.0,0.0,421.0,33.666666666666664,119.0,17.0,unavailable
8328180D-DFEE-4B56-B2CB-8EE57824ABC2,120-0.5-accessibility3,54,shortRun,Run,3,120.0,accessibility3,0.5,1,120.0,inf,120.0,inf,71.0,48.0,71.0,48.0,0.0,0.0,71.0,48.0,71.0,48.0,unavailable
8328180D-DFEE-4B56-B2CB-8EE57824ABC2,120-0.5-accessibility3,54,running,Running,7,120.0,accessibility3,0.5,1,120.0,inf,120.0,inf,118.33333333333333,37.666666666666664,149.33333333333331,48.0,0.0,0.0,149.33333333333331,48.0,118.33333333333333,37.666666666666664,unavailable
8328180D-DFEE-4B56-B2CB-8EE57824ABC2,120-0.5-accessibility3,54,morningRun,Morning Run,11,120.0,accessibility3,0.5,1,120.0,inf,120.0,inf,118.0,24.333333333333332,228.66666666666666,48.0,0.0,0.0,228.66666666666666,48.0,118.0,24.333333333333332,unavailable
8328180D-DFEE-4B56-B2CB-8EE57824ABC2,120-0.5-accessibility3,54,intervalRun,Morning Interval Run,20,120.0,accessibility3,0.5,1,120.0,inf,120.0,inf,114.0,24.0,371.66666666666663,48.0,0.0,0.0,371.66666666666663,48.0,114.0,24.0,unavailable
8328180D-DFEE-4B56-B2CB-8EE57824ABC2,120-0.5-accessibility3,54,longTrainingSession,Morning Interval Training Session,33,120.0,accessibility3,0.5,1,120.0,0.0,120.0,0.0,114.0,24.0,595.6666666666666,48.0,0.0,0.0,595.6666666666666,48.0,114.0,24.0,unavailable
8328180D-DFEE-4B56-B2CB-8EE57824ABC2,120-0.5-accessibility5,55,shortRun,Run,3,120.0,accessibility5,0.5,1,120.0,inf,120.0,inf,93.33333333333333,63.33333333333333,93.33333333333333,63.33333333333333,0.0,0.0,93.33333333333333,63.33333333333333,93.33333333333333,63.33333333333333,unavailable
8328180D-DFEE-4B56-B2CB-8EE57824ABC2,120-0.5-accessibility5,55,running,Running,7,120.0,accessibility5,0.5,1,120.0,inf,120.0,inf,118.33333333333333,37.666666666666664,196.33333333333331,63.33333333333333,0.0,0.0,196.33333333333331,63.33333333333333,118.33333333333333,37.666666666666664,unavailable
8328180D-DFEE-4B56-B2CB-8EE57824ABC2,120-0.5-accessibility5,55,morningRun,Morning Run,11,120.0,accessibility5,0.5,1,120.0,inf,120.0,inf,117.66666666666666,31.666666666666664,301.0,63.33333333333333,0.0,0.0,301.0,63.33333333333333,117.66666666666666,31.666666666666664,unavailable
8328180D-DFEE-4B56-B2CB-8EE57824ABC2,120-0.5-accessibility5,55,intervalRun,Morning Interval Run,20,120.0,accessibility5,0.5,1,120.0,inf,120.0,inf,117.66666666666666,31.666666666666664,489.0,63.33333333333333,0.0,0.0,489.0,63.33333333333333,117.66666666666666,31.666666666666664,unavailable
8328180D-DFEE-4B56-B2CB-8EE57824ABC2,120-0.5-accessibility5,55,longTrainingSession,Morning Interval Training Session,33,120.0,accessibility5,0.5,1,120.0,0.0,120.0,0.0,117.66666666666666,31.666666666666664,783.0,63.33333333333333,0.0,0.0,783.0,63.33333333333333,117.66666666666666,31.666666666666664,unavailable
8328180D-DFEE-4B56-B2CB-8EE57824ABC2,120-0.1-large,56,shortRun,Run,3,120.0,large,0.1,1,120.0,inf,120.0,inf,31.333333333333332,20.333333333333332,31.333333333333332,20.333333333333332,0.0,0.0,31.333333333333332,20.333333333333332,31.333333333333332,20.333333333333332,unavailable
8328180D-DFEE-4B56-B2CB-8EE57824ABC2,120-0.1-large,56,running,Running,7,120.0,large,0.1,1,120.0,inf,120.0,inf,65.66666666666666,20.333333333333332,65.66666666666666,20.333333333333332,0.0,0.0,65.66666666666666,20.333333333333332,65.66666666666666,20.333333333333332,unavailable
8328180D-DFEE-4B56-B2CB-8EE57824ABC2,120-0.1-large,56,morningRun,Morning Run,11,120.0,large,0.1,1,120.0,inf,120.0,inf,101.0,20.333333333333332,101.0,20.333333333333332,0.0,0.0,101.0,20.333333333333332,101.0,20.333333333333332,unavailable
8328180D-DFEE-4B56-B2CB-8EE57824ABC2,120-0.1-large,56,intervalRun,Morning Interval Run,20,120.0,large,0.1,1,120.0,inf,120.0,inf,118.33333333333333,14.0,165.0,20.333333333333332,0.0,0.0,165.0,20.333333333333332,118.33333333333333,14.0,unavailable
8328180D-DFEE-4B56-B2CB-8EE57824ABC2,120-0.1-large,56,longTrainingSession,Morning Interval Training Session,33,120.0,large,0.1,1,120.0,0.0,120.0,0.0,31.0,2.333333333333333,264.3333333333333,20.333333333333332,0.0,0.0,264.3333333333333,20.333333333333332,31.0,2.333333333333333,unavailable
8328180D-DFEE-4B56-B2CB-8EE57824ABC2,120-0.1-xxxLarge,57,shortRun,Run,3,120.0,xxxLarge,0.1,1,120.0,inf,120.0,inf,41.0,27.666666666666664,41.0,27.666666666666664,0.0,0.0,41.0,27.666666666666664,41.0,27.666666666666664,unavailable
8328180D-DFEE-4B56-B2CB-8EE57824ABC2,120-0.1-xxxLarge,57,running,Running,7,120.0,xxxLarge,0.1,1,120.0,inf,120.0,inf,86.33333333333333,27.666666666666664,86.33333333333333,27.666666666666664,0.0,0.0,86.33333333333333,27.666666666666664,86.33333333333333,27.666666666666664,unavailable
8328180D-DFEE-4B56-B2CB-8EE57824ABC2,120-0.1-xxxLarge,57,morningRun,Morning Run,11,120.0,xxxLarge,0.1,1,120.0,inf,120.0,inf,119.33333333333333,24.666666666666664,132.66666666666666,27.666666666666664,0.0,0.0,132.66666666666666,27.666666666666664,119.33333333333333,24.666666666666664,unavailable
8328180D-DFEE-4B56-B2CB-8EE57824ABC2,120-0.1-xxxLarge,57,intervalRun,Morning Interval Run,20,120.0,xxxLarge,0.1,1,120.0,inf,120.0,inf,118.33333333333333,14.0,216.0,27.666666666666664,0.0,0.0,216.0,27.666666666666664,118.33333333333333,14.0,unavailable
8328180D-DFEE-4B56-B2CB-8EE57824ABC2,120-0.1-xxxLarge,57,longTrainingSession,Morning Interval Training Session,33,120.0,xxxLarge,0.1,1,120.0,0.0,120.0,0.0,40.0,3.0,345.66666666666663,27.666666666666664,0.0,0.0,345.66666666666663,27.666666666666664,40.0,3.0,unavailable
8328180D-DFEE-4B56-B2CB-8EE57824ABC2,120-0.1-accessibility1,58,shortRun,Run,3,120.0,accessibility1,0.1,1,120.0,inf,120.0,inf,50.0,33.666666666666664,50.0,33.666666666666664,0.0,0.0,50.0,33.666666666666664,50.0,33.666666666666664,unavailable
8328180D-DFEE-4B56-B2CB-8EE57824ABC2,120-0.1-accessibility1,58,running,Running,7,120.0,accessibility1,0.1,1,120.0,inf,120.0,inf,105.33333333333333,33.666666666666664,105.33333333333333,33.666666666666664,0.0,0.0,105.33333333333333,33.666666666666664,105.33333333333333,33.666666666666664,unavailable
8328180D-DFEE-4B56-B2CB-8EE57824ABC2,120-0.1-accessibility1,58,morningRun,Morning Run,11,120.0,accessibility1,0.1,1,120.0,inf,120.0,inf,119.33333333333333,24.666666666666664,161.66666666666666,33.666666666666664,0.0,0.0,161.66666666666666,33.666666666666664,119.33333333333333,24.666666666666664,unavailable
8328180D-DFEE-4B56-B2CB-8EE57824ABC2,120-0.1-accessibility1,58,intervalRun,Morning Interval Run,20,120.0,accessibility1,0.1,1,120.0,inf,120.0,inf,118.33333333333333,14.0,262.66666666666663,33.666666666666664,0.0,0.0,262.66666666666663,33.666666666666664,118.33333333333333,14.0,unavailable
8328180D-DFEE-4B56-B2CB-8EE57824ABC2,120-0.1-accessibility1,58,longTrainingSession,Morning Interval Training Session,33,120.0,accessibility1,0.1,1,120.0,0.0,120.0,0.0,49.0,3.333333333333333,421.0,33.666666666666664,0.0,0.0,421.0,33.666666666666664,49.0,3.333333333333333,unavailable
8328180D-DFEE-4B56-B2CB-8EE57824ABC2,120-0.1-accessibility3,59,shortRun,Run,3,120.0,accessibility3,0.1,1,120.0,inf,120.0,inf,71.0,48.0,71.0,48.0,0.0,0.0,71.0,48.0,71.0,48.0,unavailable
8328180D-DFEE-4B56-B2CB-8EE57824ABC2,120-0.1-accessibility3,59,running,Running,7,120.0,accessibility3,0.1,1,120.0,inf,120.0,inf,119.33333333333333,38.0,149.33333333333331,48.0,0.0,0.0,149.33333333333331,48.0,119.33333333333333,38.0,unavailable
8328180D-DFEE-4B56-B2CB-8EE57824ABC2,120-0.1-accessibility3,59,morningRun,Morning Run,11,120.0,accessibility3,0.1,1,120.0,inf,120.0,inf,119.33333333333333,24.666666666666664,228.66666666666666,48.0,0.0,0.0,228.66666666666666,48.0,119.33333333333333,24.666666666666664,unavailable
8328180D-DFEE-4B56-B2CB-8EE57824ABC2,120-0.1-accessibility3,59,intervalRun,Morning Interval Run,20,120.0,accessibility3,0.1,1,120.0,inf,120.0,inf,118.33333333333333,14.0,371.66666666666663,48.0,0.0,0.0,371.66666666666663,48.0,118.33333333333333,14.0,unavailable
8328180D-DFEE-4B56-B2CB-8EE57824ABC2,120-0.1-accessibility3,59,longTrainingSession,Morning Interval Training Session,33,120.0,accessibility3,0.1,1,120.0,0.0,120.0,0.0,71.0,5.0,595.6666666666666,48.0,0.0,0.0,595.6666666666666,48.0,71.0,5.0,unavailable
8328180D-DFEE-4B56-B2CB-8EE57824ABC2,120-0.1-accessibility5,60,shortRun,Run,3,120.0,accessibility5,0.1,1,120.0,inf,120.0,inf,93.33333333333333,63.33333333333333,93.33333333333333,63.33333333333333,0.0,0.0,93.33333333333333,63.33333333333333,93.33333333333333,63.33333333333333,unavailable
8328180D-DFEE-4B56-B2CB-8EE57824ABC2,120-0.1-accessibility5,60,running,Running,7,120.0,accessibility5,0.1,1,120.0,inf,120.0,inf,119.33333333333333,38.0,196.33333333333331,63.33333333333333,0.0,0.0,196.33333333333331,63.33333333333333,119.33333333333333,38.0,unavailable
8328180D-DFEE-4B56-B2CB-8EE57824ABC2,120-0.1-accessibility5,60,morningRun,Morning Run,11,120.0,accessibility5,0.1,1,120.0,inf,120.0,inf,119.33333333333333,24.666666666666664,301.0,63.33333333333333,0.0,0.0,301.0,63.33333333333333,119.33333333333333,24.666666666666664,unavailable
8328180D-DFEE-4B56-B2CB-8EE57824ABC2,120-0.1-accessibility5,60,intervalRun,Morning Interval Run,20,120.0,accessibility5,0.1,1,120.0,inf,120.0,inf,116.0,13.666666666666666,489.0,63.33333333333333,0.0,0.0,489.0,63.33333333333333,116.0,13.666666666666666,unavailable
8328180D-DFEE-4B56-B2CB-8EE57824ABC2,120-0.1-accessibility5,60,longTrainingSession,Morning Interval Training Session,33,120.0,accessibility5,0.1,1,120.0,0.0,120.0,0.0,93.0,6.333333333333333,783.0,63.33333333333333,0.0,0.0,783.0,63.33333333333333,93.0,6.333333333333333,unavailable
8328180D-DFEE-4B56-B2CB-8EE57824ABC2,100-none-large,61,shortRun,Run,3,100.0,large,none,1,100.0,inf,100.0,inf,31.333333333333332,20.333333333333332,31.333333333333332,20.333333333333332,0.0,0.0,31.333333333333332,20.333333333333332,31.333333333333332,20.333333333333332,unavailable
8328180D-DFEE-4B56-B2CB-8EE57824ABC2,100-none-large,61,running,Running,7,100.0,large,none,1,100.0,inf,100.0,inf,65.66666666666666,20.333333333333332,65.66666666666666,20.333333333333332,0.0,0.0,65.66666666666666,20.333333333333332,65.66666666666666,20.333333333333332,unavailable
8328180D-DFEE-4B56-B2CB-8EE57824ABC2,100-none-large,61,morningRun,Morning Run,11,100.0,large,none,1,100.0,inf,100.0,inf,96.0,20.333333333333332,101.0,20.333333333333332,0.0,0.0,101.0,20.333333333333332,96.0,20.333333333333332,unavailable
8328180D-DFEE-4B56-B2CB-8EE57824ABC2,100-none-large,61,intervalRun,Morning Interval Run,20,100.0,large,none,1,100.0,inf,100.0,inf,99.66666666666666,20.333333333333332,165.0,20.333333333333332,0.0,0.0,165.0,20.333333333333332,99.66666666666666,20.333333333333332,unavailable
8328180D-DFEE-4B56-B2CB-8EE57824ABC2,100-none-large,61,longTrainingSession,Morning Interval Training Session,33,100.0,large,none,1,100.0,0.0,100.0,0.0,99.66666666666666,20.333333333333332,264.3333333333333,20.333333333333332,0.0,0.0,264.3333333333333,20.333333333333332,99.66666666666666,20.333333333333332,unavailable
8328180D-DFEE-4B56-B2CB-8EE57824ABC2,100-none-xxxLarge,62,shortRun,Run,3,100.0,xxxLarge,none,1,100.0,inf,100.0,inf,41.0,27.666666666666664,41.0,27.666666666666664,0.0,0.0,41.0,27.666666666666664,41.0,27.666666666666664,unavailable
8328180D-DFEE-4B56-B2CB-8EE57824ABC2,100-none-xxxLarge,62,running,Running,7,100.0,xxxLarge,none,1,100.0,inf,100.0,inf,86.33333333333333,27.666666666666664,86.33333333333333,27.666666666666664,0.0,0.0,86.33333333333333,27.666666666666664,86.33333333333333,27.666666666666664,unavailable
8328180D-DFEE-4B56-B2CB-8EE57824ABC2,100-none-xxxLarge,62,morningRun,Morning Run,11,100.0,xxxLarge,none,1,100.0,inf,100.0,inf,90.0,27.666666666666664,132.66666666666666,27.666666666666664,0.0,0.0,132.66666666666666,27.666666666666664,90.0,27.666666666666664,unavailable
8328180D-DFEE-4B56-B2CB-8EE57824ABC2,100-none-xxxLarge,62,intervalRun,Morning Interval Run,20,100.0,xxxLarge,none,1,100.0,inf,100.0,inf,90.0,27.666666666666664,216.0,27.666666666666664,0.0,0.0,216.0,27.666666666666664,90.0,27.666666666666664,unavailable
8328180D-DFEE-4B56-B2CB-8EE57824ABC2,100-none-xxxLarge,62,longTrainingSession,Morning Interval Training Session,33,100.0,xxxLarge,none,1,100.0,0.0,100.0,0.0,90.0,27.666666666666664,345.66666666666663,27.666666666666664,0.0,0.0,345.66666666666663,27.666666666666664,90.0,27.666666666666664,unavailable
8328180D-DFEE-4B56-B2CB-8EE57824ABC2,100-none-accessibility1,63,shortRun,Run,3,100.0,accessibility1,none,1,100.0,inf,100.0,inf,50.0,33.666666666666664,50.0,33.666666666666664,0.0,0.0,50.0,33.666666666666664,50.0,33.666666666666664,unavailable
8328180D-DFEE-4B56-B2CB-8EE57824ABC2,100-none-accessibility1,63,running,Running,7,100.0,accessibility1,none,1,100.0,inf,100.0,inf,91.33333333333333,33.666666666666664,105.33333333333333,33.666666666666664,0.0,0.0,105.33333333333333,33.666666666666664,91.33333333333333,33.666666666666664,unavailable
8328180D-DFEE-4B56-B2CB-8EE57824ABC2,100-none-accessibility1,63,morningRun,Morning Run,11,100.0,accessibility1,none,1,100.0,inf,100.0,inf,91.66666666666666,33.666666666666664,161.66666666666666,33.666666666666664,0.0,0.0,161.66666666666666,33.666666666666664,91.66666666666666,33.666666666666664,unavailable
8328180D-DFEE-4B56-B2CB-8EE57824ABC2,100-none-accessibility1,63,intervalRun,Morning Interval Run,20,100.0,accessibility1,none,1,100.0,inf,100.0,inf,91.66666666666666,33.666666666666664,262.66666666666663,33.666666666666664,0.0,0.0,262.66666666666663,33.666666666666664,91.66666666666666,33.666666666666664,unavailable
8328180D-DFEE-4B56-B2CB-8EE57824ABC2,100-none-accessibility1,63,longTrainingSession,Morning Interval Training Session,33,100.0,accessibility1,none,1,100.0,0.0,100.0,0.0,91.66666666666666,33.666666666666664,421.0,33.666666666666664,0.0,0.0,421.0,33.666666666666664,91.66666666666666,33.666666666666664,unavailable
8328180D-DFEE-4B56-B2CB-8EE57824ABC2,100-none-accessibility3,64,shortRun,Run,3,100.0,accessibility3,none,1,100.0,inf,100.0,inf,71.0,48.0,71.0,48.0,0.0,0.0,71.0,48.0,71.0,48.0,unavailable
8328180D-DFEE-4B56-B2CB-8EE57824ABC2,100-none-accessibility3,64,running,Running,7,100.0,accessibility3,none,1,100.0,inf,100.0,inf,97.33333333333333,48.0,149.33333333333331,48.0,0.0,0.0,149.33333333333331,48.0,97.33333333333333,48.0,unavailable
8328180D-DFEE-4B56-B2CB-8EE57824ABC2,100-none-accessibility3,64,morningRun,Morning Run,11,100.0,accessibility3,none,1,100.0,inf,100.0,inf,97.66666666666666,48.0,228.66666666666666,48.0,0.0,0.0,228.66666666666666,48.0,97.66666666666666,48.0,unavailable
8328180D-DFEE-4B56-B2CB-8EE57824ABC2,100-none-accessibility3,64,intervalRun,Morning Interval Run,20,100.0,accessibility3,none,1,100.0,inf,100.0,inf,97.66666666666666,48.0,371.66666666666663,48.0,0.0,0.0,371.66666666666663,48.0,97.66666666666666,48.0,unavailable
8328180D-DFEE-4B56-B2CB-8EE57824ABC2,100-none-accessibility3,64,longTrainingSession,Morning Interval Training Session,33,100.0,accessibility3,none,1,100.0,0.0,100.0,0.0,97.66666666666666,48.0,595.6666666666666,48.0,0.0,0.0,595.6666666666666,48.0,97.66666666666666,48.0,unavailable
8328180D-DFEE-4B56-B2CB-8EE57824ABC2,100-none-accessibility5,65,shortRun,Run,3,100.0,accessibility5,none,1,100.0,inf,100.0,inf,93.33333333333333,63.33333333333333,93.33333333333333,63.33333333333333,0.0,0.0,93.33333333333333,63.33333333333333,93.33333333333333,63.33333333333333,unavailable
8328180D-DFEE-4B56-B2CB-8EE57824ABC2,100-none-accessibility5,65,running,Running,7,100.0,accessibility5,none,1,100.0,inf,100.0,inf,98.0,63.33333333333333,196.33333333333331,63.33333333333333,0.0,0.0,196.33333333333331,63.33333333333333,98.0,63.33333333333333,unavailable
8328180D-DFEE-4B56-B2CB-8EE57824ABC2,100-none-accessibility5,65,morningRun,Morning Run,11,100.0,accessibility5,none,1,100.0,inf,100.0,inf,80.33333333333333,63.33333333333333,301.0,63.33333333333333,0.0,0.0,301.0,63.33333333333333,80.33333333333333,63.33333333333333,unavailable
8328180D-DFEE-4B56-B2CB-8EE57824ABC2,100-none-accessibility5,65,intervalRun,Morning Interval Run,20,100.0,accessibility5,none,1,100.0,inf,100.0,inf,80.33333333333333,63.33333333333333,489.0,63.33333333333333,0.0,0.0,489.0,63.33333333333333,80.33333333333333,63.33333333333333,unavailable
8328180D-DFEE-4B56-B2CB-8EE57824ABC2,100-none-accessibility5,65,longTrainingSession,Morning Interval Training Session,33,100.0,accessibility5,none,1,100.0,0.0,100.0,0.0,80.33333333333333,63.33333333333333,783.0,63.33333333333333,0.0,0.0,783.0,63.33333333333333,80.33333333333333,63.33333333333333,unavailable
8328180D-DFEE-4B56-B2CB-8EE57824ABC2,100-0.8-large,66,shortRun,Run,3,100.0,large,0.8,1,100.0,inf,100.0,inf,31.333333333333332,20.333333333333332,31.333333333333332,20.333333333333332,0.0,0.0,31.333333333333332,20.333333333333332,31.333333333333332,20.333333333333332,unavailable
8328180D-DFEE-4B56-B2CB-8EE57824ABC2,100-0.8-large,66,running,Running,7,100.0,large,0.8,1,100.0,inf,100.0,inf,65.66666666666666,20.333333333333332,65.66666666666666,20.333333333333332,0.0,0.0,65.66666666666666,20.333333333333332,65.66666666666666,20.333333333333332,unavailable
8328180D-DFEE-4B56-B2CB-8EE57824ABC2,100-0.8-large,66,morningRun,Morning Run,11,100.0,large,0.8,1,100.0,inf,100.0,inf,100.0,20.0,101.0,20.333333333333332,0.0,0.0,101.0,20.333333333333332,100.0,20.0,unavailable
8328180D-DFEE-4B56-B2CB-8EE57824ABC2,100-0.8-large,66,intervalRun,Morning Interval Run,20,100.0,large,0.8,1,100.0,inf,100.0,inf,94.66666666666666,16.333333333333332,165.0,20.333333333333332,0.0,0.0,165.0,20.333333333333332,94.66666666666666,16.333333333333332,unavailable
8328180D-DFEE-4B56-B2CB-8EE57824ABC2,100-0.8-large,66,longTrainingSession,Morning Interval Training Session,33,100.0,large,0.8,1,100.0,0.0,100.0,0.0,94.66666666666666,16.333333333333332,264.3333333333333,20.333333333333332,0.0,0.0,264.3333333333333,20.333333333333332,94.66666666666666,16.333333333333332,unavailable
8328180D-DFEE-4B56-B2CB-8EE57824ABC2,100-0.8-xxxLarge,67,shortRun,Run,3,100.0,xxxLarge,0.8,1,100.0,inf,100.0,inf,41.0,27.666666666666664,41.0,27.666666666666664,0.0,0.0,41.0,27.666666666666664,41.0,27.666666666666664,unavailable
8328180D-DFEE-4B56-B2CB-8EE57824ABC2,100-0.8-xxxLarge,67,running,Running,7,100.0,xxxLarge,0.8,1,100.0,inf,100.0,inf,86.33333333333333,27.666666666666664,86.33333333333333,27.666666666666664,0.0,0.0,86.33333333333333,27.666666666666664,86.33333333333333,27.666666666666664,unavailable
8328180D-DFEE-4B56-B2CB-8EE57824ABC2,100-0.8-xxxLarge,67,morningRun,Morning Run,11,100.0,xxxLarge,0.8,1,100.0,inf,100.0,inf,87.33333333333333,22.333333333333332,132.66666666666666,27.666666666666664,0.0,0.0,132.66666666666666,27.666666666666664,87.33333333333333,22.333333333333332,unavailable
8328180D-DFEE-4B56-B2CB-8EE57824ABC2,100-0.8-xxxLarge,67,intervalRun,Morning Interval Run,20,100.0,xxxLarge,0.8,1,100.0,inf,100.0,inf,97.0,22.333333333333332,216.0,27.666666666666664,0.0,0.0,216.0,27.666666666666664,97.0,22.333333333333332,unavailable
8328180D-DFEE-4B56-B2CB-8EE57824ABC2,100-0.8-xxxLarge,67,longTrainingSession,Morning Interval Training Session,33,100.0,xxxLarge,0.8,1,100.0,0.0,100.0,0.0,97.0,22.333333333333332,345.66666666666663,27.666666666666664,0.0,0.0,345.66666666666663,27.666666666666664,97.0,22.333333333333332,unavailable
8328180D-DFEE-4B56-B2CB-8EE57824ABC2,100-0.8-accessibility1,68,shortRun,Run,3,100.0,accessibility1,0.8,1,100.0,inf,100.0,inf,50.0,33.666666666666664,50.0,33.666666666666664,0.0,0.0,50.0,33.666666666666664,50.0,33.666666666666664,unavailable
8328180D-DFEE-4B56-B2CB-8EE57824ABC2,100-0.8-accessibility1,68,running,Running,7,100.0,accessibility1,0.8,1,100.0,inf,100.0,inf,99.66666666666666,31.666666666666664,105.33333333333333,33.666666666666664,0.0,0.0,105.33333333333333,33.666666666666664,99.66666666666666,31.666666666666664,unavailable
8328180D-DFEE-4B56-B2CB-8EE57824ABC2,100-0.8-accessibility1,68,morningRun,Morning Run,11,100.0,accessibility1,0.8,1,100.0,inf,100.0,inf,88.33333333333333,27.0,161.66666666666666,33.666666666666664,0.0,0.0,161.66666666666666,33.666666666666664,88.33333333333333,27.0,unavailable
8328180D-DFEE-4B56-B2CB-8EE57824ABC2,100-0.8-accessibility1,68,intervalRun,Morning Interval Run,20,100.0,accessibility1,0.8,1,100.0,inf,100.0,inf,88.33333333333333,27.0,262.66666666666663,33.666666666666664,0.0,0.0,262.66666666666663,33.666666666666664,88.33333333333333,27.0,unavailable
8328180D-DFEE-4B56-B2CB-8EE57824ABC2,100-0.8-accessibility1,68,longTrainingSession,Morning Interval Training Session,33,100.0,accessibility1,0.8,1,100.0,0.0,100.0,0.0,88.33333333333333,27.0,421.0,33.666666666666664,0.0,0.0,421.0,33.666666666666664,88.33333333333333,27.0,unavailable
8328180D-DFEE-4B56-B2CB-8EE57824ABC2,100-0.8-accessibility3,69,shortRun,Run,3,100.0,accessibility3,0.8,1,100.0,inf,100.0,inf,71.0,48.0,71.0,48.0,0.0,0.0,71.0,48.0,71.0,48.0,unavailable
8328180D-DFEE-4B56-B2CB-8EE57824ABC2,100-0.8-accessibility3,69,running,Running,7,100.0,accessibility3,0.8,1,100.0,inf,100.0,inf,96.33333333333333,38.33333333333333,149.33333333333331,48.0,0.0,0.0,149.33333333333331,48.0,96.33333333333333,38.33333333333333,unavailable
8328180D-DFEE-4B56-B2CB-8EE57824ABC2,100-0.8-accessibility3,69,morningRun,Morning Run,11,100.0,accessibility3,0.8,1,100.0,inf,100.0,inf,96.66666666666666,38.33333333333333,228.66666666666666,48.0,0.0,0.0,228.66666666666666,48.0,96.66666666666666,38.33333333333333,unavailable
8328180D-DFEE-4B56-B2CB-8EE57824ABC2,100-0.8-accessibility3,69,intervalRun,Morning Interval Run,20,100.0,accessibility3,0.8,1,100.0,inf,100.0,inf,96.66666666666666,38.33333333333333,371.66666666666663,48.0,0.0,0.0,371.66666666666663,48.0,96.66666666666666,38.33333333333333,unavailable
8328180D-DFEE-4B56-B2CB-8EE57824ABC2,100-0.8-accessibility3,69,longTrainingSession,Morning Interval Training Session,33,100.0,accessibility3,0.8,1,100.0,0.0,100.0,0.0,96.66666666666666,38.33333333333333,595.6666666666666,48.0,0.0,0.0,595.6666666666666,48.0,96.66666666666666,38.33333333333333,unavailable
8328180D-DFEE-4B56-B2CB-8EE57824ABC2,100-0.8-accessibility5,70,shortRun,Run,3,100.0,accessibility5,0.8,1,100.0,inf,100.0,inf,93.33333333333333,63.33333333333333,93.33333333333333,63.33333333333333,0.0,0.0,93.33333333333333,63.33333333333333,93.33333333333333,63.33333333333333,unavailable
8328180D-DFEE-4B56-B2CB-8EE57824ABC2,100-0.8-accessibility5,70,running,Running,7,100.0,accessibility5,0.8,1,100.0,inf,100.0,inf,79.0,51.0,196.33333333333331,63.33333333333333,0.0,0.0,196.33333333333331,63.33333333333333,79.0,51.0,unavailable
8328180D-DFEE-4B56-B2CB-8EE57824ABC2,100-0.8-accessibility5,70,morningRun,Morning Run,11,100.0,accessibility5,0.8,1,100.0,inf,100.0,inf,88.66666666666666,51.0,301.0,63.33333333333333,0.0,0.0,301.0,63.33333333333333,88.66666666666666,51.0,unavailable
8328180D-DFEE-4B56-B2CB-8EE57824ABC2,100-0.8-accessibility5,70,intervalRun,Morning Interval Run,20,100.0,accessibility5,0.8,1,100.0,inf,100.0,inf,88.66666666666666,51.0,489.0,63.33333333333333,0.0,0.0,489.0,63.33333333333333,88.66666666666666,51.0,unavailable
8328180D-DFEE-4B56-B2CB-8EE57824ABC2,100-0.8-accessibility5,70,longTrainingSession,Morning Interval Training Session,33,100.0,accessibility5,0.8,1,100.0,0.0,100.0,0.0,88.66666666666666,51.0,783.0,63.33333333333333,0.0,0.0,783.0,63.33333333333333,88.66666666666666,51.0,unavailable
8328180D-DFEE-4B56-B2CB-8EE57824ABC2,100-0.5-large,71,shortRun,Run,3,100.0,large,0.5,1,100.0,inf,100.0,inf,31.333333333333332,20.333333333333332,31.333333333333332,20.333333333333332,0.0,0.0,31.333333333333332,20.333333333333332,31.333333333333332,20.333333333333332,unavailable
8328180D-DFEE-4B56-B2CB-8EE57824ABC2,100-0.5-large,71,running,Running,7,100.0,large,0.5,1,100.0,inf,100.0,inf,65.66666666666666,20.333333333333332,65.66666666666666,20.333333333333332,0.0,0.0,65.66666666666666,20.333333333333332,65.66666666666666,20.333333333333332,unavailable
8328180D-DFEE-4B56-B2CB-8EE57824ABC2,100-0.5-large,71,morningRun,Morning Run,11,100.0,large,0.5,1,100.0,inf,100.0,inf,100.0,20.0,101.0,20.333333333333332,0.0,0.0,101.0,20.333333333333332,100.0,20.0,unavailable
8328180D-DFEE-4B56-B2CB-8EE57824ABC2,100-0.5-large,71,intervalRun,Morning Interval Run,20,100.0,large,0.5,1,100.0,inf,100.0,inf,100.0,11.666666666666666,165.0,20.333333333333332,0.0,0.0,165.0,20.333333333333332,100.0,11.666666666666666,unavailable
8328180D-DFEE-4B56-B2CB-8EE57824ABC2,100-0.5-large,71,longTrainingSession,Morning Interval Training Session,33,100.0,large,0.5,1,100.0,0.0,100.0,0.0,98.33333333333333,10.333333333333332,264.3333333333333,20.333333333333332,0.0,0.0,264.3333333333333,20.333333333333332,98.33333333333333,10.333333333333332,unavailable
8328180D-DFEE-4B56-B2CB-8EE57824ABC2,100-0.5-xxxLarge,72,shortRun,Run,3,100.0,xxxLarge,0.5,1,100.0,inf,100.0,inf,41.0,27.666666666666664,41.0,27.666666666666664,0.0,0.0,41.0,27.666666666666664,41.0,27.666666666666664,unavailable
8328180D-DFEE-4B56-B2CB-8EE57824ABC2,100-0.5-xxxLarge,72,running,Running,7,100.0,xxxLarge,0.5,1,100.0,inf,100.0,inf,86.33333333333333,27.666666666666664,86.33333333333333,27.666666666666664,0.0,0.0,86.33333333333333,27.666666666666664,86.33333333333333,27.666666666666664,unavailable
8328180D-DFEE-4B56-B2CB-8EE57824ABC2,100-0.5-xxxLarge,72,morningRun,Morning Run,11,100.0,xxxLarge,0.5,1,100.0,inf,100.0,inf,100.0,20.0,132.66666666666666,27.666666666666664,0.0,0.0,132.66666666666666,27.666666666666664,100.0,20.0,unavailable
8328180D-DFEE-4B56-B2CB-8EE57824ABC2,100-0.5-xxxLarge,72,intervalRun,Morning Interval Run,20,100.0,xxxLarge,0.5,1,100.0,inf,100.0,inf,93.66666666666666,14.0,216.0,27.666666666666664,0.0,0.0,216.0,27.666666666666664,93.66666666666666,14.0,unavailable
8328180D-DFEE-4B56-B2CB-8EE57824ABC2,100-0.5-xxxLarge,72,longTrainingSession,Morning Interval Training Session,33,100.0,xxxLarge,0.5,1,100.0,0.0,100.0,0.0,93.66666666666666,14.0,345.66666666666663,27.666666666666664,0.0,0.0,345.66666666666663,27.666666666666664,93.66666666666666,14.0,unavailable
8328180D-DFEE-4B56-B2CB-8EE57824ABC2,100-0.5-accessibility1,73,shortRun,Run,3,100.0,accessibility1,0.5,1,100.0,inf,100.0,inf,50.0,33.666666666666664,50.0,33.666666666666664,0.0,0.0,50.0,33.666666666666664,50.0,33.666666666666664,unavailable
8328180D-DFEE-4B56-B2CB-8EE57824ABC2,100-0.5-accessibility1,73,running,Running,7,100.0,accessibility1,0.5,1,100.0,inf,100.0,inf,99.66666666666666,31.666666666666664,105.33333333333333,33.666666666666664,0.0,0.0,105.33333333333333,33.666666666666664,99.66666666666666,31.666666666666664,unavailable
8328180D-DFEE-4B56-B2CB-8EE57824ABC2,100-0.5-accessibility1,73,morningRun,Morning Run,11,100.0,accessibility1,0.5,1,100.0,inf,100.0,inf,100.0,20.0,161.66666666666666,33.666666666666664,0.0,0.0,161.66666666666666,33.666666666666664,100.0,20.0,unavailable
8328180D-DFEE-4B56-B2CB-8EE57824ABC2,100-0.5-accessibility1,73,intervalRun,Morning Interval Run,20,100.0,accessibility1,0.5,1,100.0,inf,100.0,inf,97.66666666666666,17.0,262.66666666666663,33.666666666666664,0.0,0.0,262.66666666666663,33.666666666666664,97.66666666666666,17.0,unavailable
8328180D-DFEE-4B56-B2CB-8EE57824ABC2,100-0.5-accessibility1,73,longTrainingSession,Morning Interval Training Session,33,100.0,accessibility1,0.5,1,100.0,0.0,100.0,0.0,97.66666666666666,17.0,421.0,33.666666666666664,0.0,0.0,421.0,33.666666666666664,97.66666666666666,17.0,unavailable
8328180D-DFEE-4B56-B2CB-8EE57824ABC2,100-0.5-accessibility3,74,shortRun,Run,3,100.0,accessibility3,0.5,1,100.0,inf,100.0,inf,71.0,48.0,71.0,48.0,0.0,0.0,71.0,48.0,71.0,48.0,unavailable
8328180D-DFEE-4B56-B2CB-8EE57824ABC2,100-0.5-accessibility3,74,running,Running,7,100.0,accessibility3,0.5,1,100.0,inf,100.0,inf,99.66666666666666,31.666666666666664,149.33333333333331,48.0,0.0,0.0,149.33333333333331,48.0,99.66666666666666,31.666666666666664,unavailable
8328180D-DFEE-4B56-B2CB-8EE57824ABC2,100-0.5-accessibility3,74,morningRun,Morning Run,11,100.0,accessibility3,0.5,1,100.0,inf,100.0,inf,92.66666666666666,24.0,228.66666666666666,48.0,0.0,0.0,228.66666666666666,48.0,92.66666666666666,24.0,unavailable
8328180D-DFEE-4B56-B2CB-8EE57824ABC2,100-0.5-accessibility3,74,intervalRun,Morning Interval Run,20,100.0,accessibility3,0.5,1,100.0,inf,100.0,inf,92.66666666666666,24.0,371.66666666666663,48.0,0.0,0.0,371.66666666666663,48.0,92.66666666666666,24.0,unavailable
8328180D-DFEE-4B56-B2CB-8EE57824ABC2,100-0.5-accessibility3,74,longTrainingSession,Morning Interval Training Session,33,100.0,accessibility3,0.5,1,100.0,0.0,100.0,0.0,92.66666666666666,24.0,595.6666666666666,48.0,0.0,0.0,595.6666666666666,48.0,92.66666666666666,24.0,unavailable
8328180D-DFEE-4B56-B2CB-8EE57824ABC2,100-0.5-accessibility5,75,shortRun,Run,3,100.0,accessibility5,0.5,1,100.0,inf,100.0,inf,93.33333333333333,63.33333333333333,93.33333333333333,63.33333333333333,0.0,0.0,93.33333333333333,63.33333333333333,93.33333333333333,63.33333333333333,unavailable
8328180D-DFEE-4B56-B2CB-8EE57824ABC2,100-0.5-accessibility5,75,running,Running,7,100.0,accessibility5,0.5,1,100.0,inf,100.0,inf,99.66666666666666,31.666666666666664,196.33333333333331,63.33333333333333,0.0,0.0,196.33333333333331,63.33333333333333,99.66666666666666,31.666666666666664,unavailable
8328180D-DFEE-4B56-B2CB-8EE57824ABC2,100-0.5-accessibility5,75,morningRun,Morning Run,11,100.0,accessibility5,0.5,1,100.0,inf,100.0,inf,87.0,31.666666666666664,301.0,63.33333333333333,0.0,0.0,301.0,63.33333333333333,87.0,31.666666666666664,unavailable
8328180D-DFEE-4B56-B2CB-8EE57824ABC2,100-0.5-accessibility5,75,intervalRun,Morning Interval Run,20,100.0,accessibility5,0.5,1,100.0,inf,100.0,inf,87.0,31.666666666666664,489.0,63.33333333333333,0.0,0.0,489.0,63.33333333333333,87.0,31.666666666666664,unavailable
8328180D-DFEE-4B56-B2CB-8EE57824ABC2,100-0.5-accessibility5,75,longTrainingSession,Morning Interval Training Session,33,100.0,accessibility5,0.5,1,100.0,0.0,100.0,0.0,87.0,31.666666666666664,783.0,63.33333333333333,0.0,0.0,783.0,63.33333333333333,87.0,31.666666666666664,unavailable
8328180D-DFEE-4B56-B2CB-8EE57824ABC2,100-0.1-large,76,shortRun,Run,3,100.0,large,0.1,1,100.0,inf,100.0,inf,31.333333333333332,20.333333333333332,31.333333333333332,20.333333333333332,0.0,0.0,31.333333333333332,20.333333333333332,31.333333333333332,20.333333333333332,unavailable
8328180D-DFEE-4B56-B2CB-8EE57824ABC2,100-0.1-large,76,running,Running,7,100.0,large,0.1,1,100.0,inf,100.0,inf,65.66666666666666,20.333333333333332,65.66666666666666,20.333333333333332,0.0,0.0,65.66666666666666,20.333333333333332,65.66666666666666,20.333333333333332,unavailable
8328180D-DFEE-4B56-B2CB-8EE57824ABC2,100-0.1-large,76,morningRun,Morning Run,11,100.0,large,0.1,1,100.0,inf,100.0,inf,100.0,20.0,101.0,20.333333333333332,0.0,0.0,101.0,20.333333333333332,100.0,20.0,unavailable
8328180D-DFEE-4B56-B2CB-8EE57824ABC2,100-0.1-large,76,intervalRun,Morning Interval Run,20,100.0,large,0.1,1,100.0,inf,100.0,inf,100.0,11.666666666666666,165.0,20.333333333333332,0.0,0.0,165.0,20.333333333333332,100.0,11.666666666666666,unavailable
8328180D-DFEE-4B56-B2CB-8EE57824ABC2,100-0.1-large,76,longTrainingSession,Morning Interval Training Session,33,100.0,large,0.1,1,100.0,0.0,100.0,0.0,31.0,2.333333333333333,264.3333333333333,20.333333333333332,0.0,0.0,264.3333333333333,20.333333333333332,31.0,2.333333333333333,unavailable
8328180D-DFEE-4B56-B2CB-8EE57824ABC2,100-0.1-xxxLarge,77,shortRun,Run,3,100.0,xxxLarge,0.1,1,100.0,inf,100.0,inf,41.0,27.666666666666664,41.0,27.666666666666664,0.0,0.0,41.0,27.666666666666664,41.0,27.666666666666664,unavailable
8328180D-DFEE-4B56-B2CB-8EE57824ABC2,100-0.1-xxxLarge,77,running,Running,7,100.0,xxxLarge,0.1,1,100.0,inf,100.0,inf,86.33333333333333,27.666666666666664,86.33333333333333,27.666666666666664,0.0,0.0,86.33333333333333,27.666666666666664,86.33333333333333,27.666666666666664,unavailable
8328180D-DFEE-4B56-B2CB-8EE57824ABC2,100-0.1-xxxLarge,77,morningRun,Morning Run,11,100.0,xxxLarge,0.1,1,100.0,inf,100.0,inf,100.0,20.0,132.66666666666666,27.666666666666664,0.0,0.0,132.66666666666666,27.666666666666664,100.0,20.0,unavailable
8328180D-DFEE-4B56-B2CB-8EE57824ABC2,100-0.1-xxxLarge,77,intervalRun,Morning Interval Run,20,100.0,xxxLarge,0.1,1,100.0,inf,100.0,inf,100.0,11.666666666666666,216.0,27.666666666666664,0.0,0.0,216.0,27.666666666666664,100.0,11.666666666666666,unavailable
8328180D-DFEE-4B56-B2CB-8EE57824ABC2,100-0.1-xxxLarge,77,longTrainingSession,Morning Interval Training Session,33,100.0,xxxLarge,0.1,1,100.0,0.0,100.0,0.0,40.0,3.0,345.66666666666663,27.666666666666664,0.0,0.0,345.66666666666663,27.666666666666664,40.0,3.0,unavailable
8328180D-DFEE-4B56-B2CB-8EE57824ABC2,100-0.1-accessibility1,78,shortRun,Run,3,100.0,accessibility1,0.1,1,100.0,inf,100.0,inf,50.0,33.666666666666664,50.0,33.666666666666664,0.0,0.0,50.0,33.666666666666664,50.0,33.666666666666664,unavailable
8328180D-DFEE-4B56-B2CB-8EE57824ABC2,100-0.1-accessibility1,78,running,Running,7,100.0,accessibility1,0.1,1,100.0,inf,100.0,inf,99.66666666666666,31.666666666666664,105.33333333333333,33.666666666666664,0.0,0.0,105.33333333333333,33.666666666666664,99.66666666666666,31.666666666666664,unavailable
8328180D-DFEE-4B56-B2CB-8EE57824ABC2,100-0.1-accessibility1,78,morningRun,Morning Run,11,100.0,accessibility1,0.1,1,100.0,inf,100.0,inf,100.0,20.0,161.66666666666666,33.666666666666664,0.0,0.0,161.66666666666666,33.666666666666664,100.0,20.0,unavailable
8328180D-DFEE-4B56-B2CB-8EE57824ABC2,100-0.1-accessibility1,78,intervalRun,Morning Interval Run,20,100.0,accessibility1,0.1,1,100.0,inf,100.0,inf,100.0,11.666666666666666,262.66666666666663,33.666666666666664,0.0,0.0,262.66666666666663,33.666666666666664,100.0,11.666666666666666,unavailable
8328180D-DFEE-4B56-B2CB-8EE57824ABC2,100-0.1-accessibility1,78,longTrainingSession,Morning Interval Training Session,33,100.0,accessibility1,0.1,1,100.0,0.0,100.0,0.0,49.0,3.333333333333333,421.0,33.666666666666664,0.0,0.0,421.0,33.666666666666664,49.0,3.333333333333333,unavailable
8328180D-DFEE-4B56-B2CB-8EE57824ABC2,100-0.1-accessibility3,79,shortRun,Run,3,100.0,accessibility3,0.1,1,100.0,inf,100.0,inf,71.0,48.0,71.0,48.0,0.0,0.0,71.0,48.0,71.0,48.0,unavailable
8328180D-DFEE-4B56-B2CB-8EE57824ABC2,100-0.1-accessibility3,79,running,Running,7,100.0,accessibility3,0.1,1,100.0,inf,100.0,inf,99.66666666666666,31.666666666666664,149.33333333333331,48.0,0.0,0.0,149.33333333333331,48.0,99.66666666666666,31.666666666666664,unavailable
8328180D-DFEE-4B56-B2CB-8EE57824ABC2,100-0.1-accessibility3,79,morningRun,Morning Run,11,100.0,accessibility3,0.1,1,100.0,inf,100.0,inf,100.0,20.0,228.66666666666666,48.0,0.0,0.0,228.66666666666666,48.0,100.0,20.0,unavailable
8328180D-DFEE-4B56-B2CB-8EE57824ABC2,100-0.1-accessibility3,79,intervalRun,Morning Interval Run,20,100.0,accessibility3,0.1,1,100.0,inf,100.0,inf,97.66666666666666,11.333333333333332,371.66666666666663,48.0,0.0,0.0,371.66666666666663,48.0,97.66666666666666,11.333333333333332,unavailable
8328180D-DFEE-4B56-B2CB-8EE57824ABC2,100-0.1-accessibility3,79,longTrainingSession,Morning Interval Training Session,33,100.0,accessibility3,0.1,1,100.0,0.0,100.0,0.0,71.0,5.0,595.6666666666666,48.0,0.0,0.0,595.6666666666666,48.0,71.0,5.0,unavailable
8328180D-DFEE-4B56-B2CB-8EE57824ABC2,100-0.1-accessibility5,80,shortRun,Run,3,100.0,accessibility5,0.1,1,100.0,inf,100.0,inf,93.33333333333333,63.33333333333333,93.33333333333333,63.33333333333333,0.0,0.0,93.33333333333333,63.33333333333333,93.33333333333333,63.33333333333333,unavailable
8328180D-DFEE-4B56-B2CB-8EE57824ABC2,100-0.1-accessibility5,80,running,Running,7,100.0,accessibility5,0.1,1,100.0,inf,100.0,inf,99.66666666666666,31.666666666666664,196.33333333333331,63.33333333333333,0.0,0.0,196.33333333333331,63.33333333333333,99.66666666666666,31.666666666666664,unavailable
8328180D-DFEE-4B56-B2CB-8EE57824ABC2,100-0.1-accessibility5,80,morningRun,Morning Run,11,100.0,accessibility5,0.1,1,100.0,inf,100.0,inf,100.0,20.0,301.0,63.33333333333333,0.0,0.0,301.0,63.33333333333333,100.0,20.0,unavailable
8328180D-DFEE-4B56-B2CB-8EE57824ABC2,100-0.1-accessibility5,80,intervalRun,Morning Interval Run,20,100.0,accessibility5,0.1,1,100.0,inf,100.0,inf,100.0,11.666666666666666,489.0,63.33333333333333,0.0,0.0,489.0,63.33333333333333,100.0,11.666666666666666,unavailable
8328180D-DFEE-4B56-B2CB-8EE57824ABC2,100-0.1-accessibility5,80,longTrainingSession,Morning Interval Training Session,33,100.0,accessibility5,0.1,1,100.0,0.0,100.0,0.0,93.0,6.333333333333333,783.0,63.33333333333333,0.0,0.0,783.0,63.33333333333333,93.0,6.333333333333333,unavailable
8328180D-DFEE-4B56-B2CB-8EE57824ABC2,80-none-large,81,shortRun,Run,3,80.0,large,none,1,80.0,inf,80.0,inf,31.333333333333332,20.333333333333332,31.333333333333332,20.333333333333332,0.0,0.0,31.333333333333332,20.333333333333332,31.333333333333332,20.333333333333332,unavailable
8328180D-DFEE-4B56-B2CB-8EE57824ABC2,80-none-large,81,running,Running,7,80.0,large,none,1,80.0,inf,80.0,inf,65.66666666666666,20.333333333333332,65.66666666666666,20.333333333333332,0.0,0.0,65.66666666666666,20.333333333333332,65.66666666666666,20.333333333333332,unavailable
8328180D-DFEE-4B56-B2CB-8EE57824ABC2,80-none-large,81,morningRun,Morning Run,11,80.0,large,none,1,80.0,inf,80.0,inf,70.66666666666666,20.333333333333332,101.0,20.333333333333332,0.0,0.0,101.0,20.333333333333332,70.66666666666666,20.333333333333332,unavailable
8328180D-DFEE-4B56-B2CB-8EE57824ABC2,80-none-large,81,intervalRun,Morning Interval Run,20,80.0,large,none,1,80.0,inf,80.0,inf,70.66666666666666,20.333333333333332,165.0,20.333333333333332,0.0,0.0,165.0,20.333333333333332,70.66666666666666,20.333333333333332,unavailable
8328180D-DFEE-4B56-B2CB-8EE57824ABC2,80-none-large,81,longTrainingSession,Morning Interval Training Session,33,80.0,large,none,1,80.0,0.0,80.0,0.0,70.66666666666666,20.333333333333332,264.3333333333333,20.333333333333332,0.0,0.0,264.3333333333333,20.333333333333332,70.66666666666666,20.333333333333332,unavailable
8328180D-DFEE-4B56-B2CB-8EE57824ABC2,80-none-xxxLarge,82,shortRun,Run,3,80.0,xxxLarge,none,1,80.0,inf,80.0,inf,41.0,27.666666666666664,41.0,27.666666666666664,0.0,0.0,41.0,27.666666666666664,41.0,27.666666666666664,unavailable
8328180D-DFEE-4B56-B2CB-8EE57824ABC2,80-none-xxxLarge,82,running,Running,7,80.0,xxxLarge,none,1,80.0,inf,80.0,inf,76.33333333333333,27.666666666666664,86.33333333333333,27.666666666666664,0.0,0.0,86.33333333333333,27.666666666666664,76.33333333333333,27.666666666666664,unavailable
8328180D-DFEE-4B56-B2CB-8EE57824ABC2,80-none-xxxLarge,82,morningRun,Morning Run,11,80.0,xxxLarge,none,1,80.0,inf,80.0,inf,76.66666666666666,27.666666666666664,132.66666666666666,27.666666666666664,0.0,0.0,132.66666666666666,27.666666666666664,76.66666666666666,27.666666666666664,unavailable
8328180D-DFEE-4B56-B2CB-8EE57824ABC2,80-none-xxxLarge,82,intervalRun,Morning Interval Run,20,80.0,xxxLarge,none,1,80.0,inf,80.0,inf,76.66666666666666,27.666666666666664,216.0,27.666666666666664,0.0,0.0,216.0,27.666666666666664,76.66666666666666,27.666666666666664,unavailable
8328180D-DFEE-4B56-B2CB-8EE57824ABC2,80-none-xxxLarge,82,longTrainingSession,Morning Interval Training Session,33,80.0,xxxLarge,none,1,80.0,0.0,80.0,0.0,76.66666666666666,27.666666666666664,345.66666666666663,27.666666666666664,0.0,0.0,345.66666666666663,27.666666666666664,76.66666666666666,27.666666666666664,unavailable
8328180D-DFEE-4B56-B2CB-8EE57824ABC2,80-none-accessibility1,83,shortRun,Run,3,80.0,accessibility1,none,1,80.0,inf,80.0,inf,50.0,33.666666666666664,50.0,33.666666666666664,0.0,0.0,50.0,33.666666666666664,50.0,33.666666666666664,unavailable
8328180D-DFEE-4B56-B2CB-8EE57824ABC2,80-none-accessibility1,83,running,Running,7,80.0,accessibility1,none,1,80.0,inf,80.0,inf,68.66666666666666,33.666666666666664,105.33333333333333,33.666666666666664,0.0,0.0,105.33333333333333,33.666666666666664,68.66666666666666,33.666666666666664,unavailable
8328180D-DFEE-4B56-B2CB-8EE57824ABC2,80-none-accessibility1,83,morningRun,Morning Run,11,80.0,accessibility1,none,1,80.0,inf,80.0,inf,69.0,33.666666666666664,161.66666666666666,33.666666666666664,0.0,0.0,161.66666666666666,33.666666666666664,69.0,33.666666666666664,unavailable
8328180D-DFEE-4B56-B2CB-8EE57824ABC2,80-none-accessibility1,83,intervalRun,Morning Interval Run,20,80.0,accessibility1,none,1,80.0,inf,80.0,inf,69.0,33.666666666666664,262.66666666666663,33.666666666666664,0.0,0.0,262.66666666666663,33.666666666666664,69.0,33.666666666666664,unavailable
8328180D-DFEE-4B56-B2CB-8EE57824ABC2,80-none-accessibility1,83,longTrainingSession,Morning Interval Training Session,33,80.0,accessibility1,none,1,80.0,0.0,80.0,0.0,69.0,33.666666666666664,421.0,33.666666666666664,0.0,0.0,421.0,33.666666666666664,69.0,33.666666666666664,unavailable
8328180D-DFEE-4B56-B2CB-8EE57824ABC2,80-none-accessibility3,84,shortRun,Run,3,80.0,accessibility3,none,1,80.0,inf,80.0,inf,71.0,48.0,71.0,48.0,0.0,0.0,71.0,48.0,71.0,48.0,unavailable
8328180D-DFEE-4B56-B2CB-8EE57824ABC2,80-none-accessibility3,84,running,Running,7,80.0,accessibility3,none,1,80.0,inf,80.0,inf,74.66666666666666,48.0,149.33333333333331,48.0,0.0,0.0,149.33333333333331,48.0,74.66666666666666,48.0,unavailable
8328180D-DFEE-4B56-B2CB-8EE57824ABC2,80-none-accessibility3,84,morningRun,Morning Run,11,80.0,accessibility3,none,1,80.0,inf,80.0,inf,60.666666666666664,48.0,228.66666666666666,48.0,0.0,0.0,228.66666666666666,48.0,60.666666666666664,48.0,unavailable
8328180D-DFEE-4B56-B2CB-8EE57824ABC2,80-none-accessibility3,84,intervalRun,Morning Interval Run,20,80.0,accessibility3,none,1,80.0,inf,80.0,inf,60.666666666666664,48.0,371.66666666666663,48.0,0.0,0.0,371.66666666666663,48.0,60.666666666666664,48.0,unavailable
8328180D-DFEE-4B56-B2CB-8EE57824ABC2,80-none-accessibility3,84,longTrainingSession,Morning Interval Training Session,33,80.0,accessibility3,none,1,80.0,0.0,80.0,0.0,60.666666666666664,48.0,595.6666666666666,48.0,0.0,0.0,595.6666666666666,48.0,60.666666666666664,48.0,unavailable
8328180D-DFEE-4B56-B2CB-8EE57824ABC2,80-none-accessibility5,85,shortRun,Run,3,80.0,accessibility5,none,1,80.0,inf,80.0,inf,68.33333333333333,63.33333333333333,93.33333333333333,63.33333333333333,0.0,0.0,93.33333333333333,63.33333333333333,68.33333333333333,63.33333333333333,unavailable
8328180D-DFEE-4B56-B2CB-8EE57824ABC2,80-none-accessibility5,85,running,Running,7,80.0,accessibility5,none,1,80.0,inf,80.0,inf,68.33333333333333,63.33333333333333,196.33333333333331,63.33333333333333,0.0,0.0,196.33333333333331,63.33333333333333,68.33333333333333,63.33333333333333,unavailable
8328180D-DFEE-4B56-B2CB-8EE57824ABC2,80-none-accessibility5,85,morningRun,Morning Run,11,80.0,accessibility5,none,1,80.0,inf,80.0,inf,34.666666666666664,63.33333333333333,301.0,63.33333333333333,0.0,0.0,301.0,63.33333333333333,34.666666666666664,63.33333333333333,unavailable
8328180D-DFEE-4B56-B2CB-8EE57824ABC2,80-none-accessibility5,85,intervalRun,Morning Interval Run,20,80.0,accessibility5,none,1,80.0,inf,80.0,inf,34.666666666666664,63.33333333333333,489.0,63.33333333333333,0.0,0.0,489.0,63.33333333333333,34.666666666666664,63.33333333333333,unavailable
8328180D-DFEE-4B56-B2CB-8EE57824ABC2,80-none-accessibility5,85,longTrainingSession,Morning Interval Training Session,33,80.0,accessibility5,none,1,80.0,0.0,80.0,0.0,34.666666666666664,63.33333333333333,783.0,63.33333333333333,0.0,0.0,783.0,63.33333333333333,34.666666666666664,63.33333333333333,unavailable
8328180D-DFEE-4B56-B2CB-8EE57824ABC2,80-0.8-large,86,shortRun,Run,3,80.0,large,0.8,1,80.0,inf,80.0,inf,31.333333333333332,20.333333333333332,31.333333333333332,20.333333333333332,0.0,0.0,31.333333333333332,20.333333333333332,31.333333333333332,20.333333333333332,unavailable
8328180D-DFEE-4B56-B2CB-8EE57824ABC2,80-0.8-large,86,running,Running,7,80.0,large,0.8,1,80.0,inf,80.0,inf,65.66666666666666,20.333333333333332,65.66666666666666,20.333333333333332,0.0,0.0,65.66666666666666,20.333333333333332,65.66666666666666,20.333333333333332,unavailable
8328180D-DFEE-4B56-B2CB-8EE57824ABC2,80-0.8-large,86,morningRun,Morning Run,11,80.0,large,0.8,1,80.0,inf,80.0,inf,78.66666666666666,16.333333333333332,101.0,20.333333333333332,0.0,0.0,101.0,20.333333333333332,78.66666666666666,16.333333333333332,unavailable
8328180D-DFEE-4B56-B2CB-8EE57824ABC2,80-0.8-large,86,intervalRun,Morning Interval Run,20,80.0,large,0.8,1,80.0,inf,80.0,inf,73.66666666666666,16.333333333333332,165.0,20.333333333333332,0.0,0.0,165.0,20.333333333333332,73.66666666666666,16.333333333333332,unavailable
8328180D-DFEE-4B56-B2CB-8EE57824ABC2,80-0.8-large,86,longTrainingSession,Morning Interval Training Session,33,80.0,large,0.8,1,80.0,0.0,80.0,0.0,73.66666666666666,16.333333333333332,264.3333333333333,20.333333333333332,0.0,0.0,264.3333333333333,20.333333333333332,73.66666666666666,16.333333333333332,unavailable
8328180D-DFEE-4B56-B2CB-8EE57824ABC2,80-0.8-xxxLarge,87,shortRun,Run,3,80.0,xxxLarge,0.8,1,80.0,inf,80.0,inf,41.0,27.666666666666664,41.0,27.666666666666664,0.0,0.0,41.0,27.666666666666664,41.0,27.666666666666664,unavailable
8328180D-DFEE-4B56-B2CB-8EE57824ABC2,80-0.8-xxxLarge,87,running,Running,7,80.0,xxxLarge,0.8,1,80.0,inf,80.0,inf,79.33333333333333,25.333333333333332,86.33333333333333,27.666666666666664,0.0,0.0,86.33333333333333,27.666666666666664,79.33333333333333,25.333333333333332,unavailable
8328180D-DFEE-4B56-B2CB-8EE57824ABC2,80-0.8-xxxLarge,87,morningRun,Morning Run,11,80.0,xxxLarge,0.8,1,80.0,inf,80.0,inf,76.33333333333333,22.333333333333332,132.66666666666666,27.666666666666664,0.0,0.0,132.66666666666666,27.666666666666664,76.33333333333333,22.333333333333332,unavailable
8328180D-DFEE-4B56-B2CB-8EE57824ABC2,80-0.8-xxxLarge,87,intervalRun,Morning Interval Run,20,80.0,xxxLarge,0.8,1,80.0,inf,80.0,inf,76.33333333333333,22.333333333333332,216.0,27.666666666666664,0.0,0.0,216.0,27.666666666666664,76.33333333333333,22.333333333333332,unavailable
8328180D-DFEE-4B56-B2CB-8EE57824ABC2,80-0.8-xxxLarge,87,longTrainingSession,Morning Interval Training Session,33,80.0,xxxLarge,0.8,1,80.0,0.0,80.0,0.0,76.33333333333333,22.333333333333332,345.66666666666663,27.666666666666664,0.0,0.0,345.66666666666663,27.666666666666664,76.33333333333333,22.333333333333332,unavailable
8328180D-DFEE-4B56-B2CB-8EE57824ABC2,80-0.8-accessibility1,88,shortRun,Run,3,80.0,accessibility1,0.8,1,80.0,inf,80.0,inf,50.0,33.666666666666664,50.0,33.666666666666664,0.0,0.0,50.0,33.666666666666664,50.0,33.666666666666664,unavailable
8328180D-DFEE-4B56-B2CB-8EE57824ABC2,80-0.8-accessibility1,88,running,Running,7,80.0,accessibility1,0.8,1,80.0,inf,80.0,inf,75.0,27.0,105.33333333333333,33.666666666666664,0.0,0.0,105.33333333333333,33.666666666666664,75.0,27.0,unavailable
8328180D-DFEE-4B56-B2CB-8EE57824ABC2,80-0.8-accessibility1,88,morningRun,Morning Run,11,80.0,accessibility1,0.8,1,80.0,inf,80.0,inf,75.33333333333333,27.0,161.66666666666666,33.666666666666664,0.0,0.0,161.66666666666666,33.666666666666664,75.33333333333333,27.0,unavailable
8328180D-DFEE-4B56-B2CB-8EE57824ABC2,80-0.8-accessibility1,88,intervalRun,Morning Interval Run,20,80.0,accessibility1,0.8,1,80.0,inf,80.0,inf,75.33333333333333,27.0,262.66666666666663,33.666666666666664,0.0,0.0,262.66666666666663,33.666666666666664,75.33333333333333,27.0,unavailable
8328180D-DFEE-4B56-B2CB-8EE57824ABC2,80-0.8-accessibility1,88,longTrainingSession,Morning Interval Training Session,33,80.0,accessibility1,0.8,1,80.0,0.0,80.0,0.0,75.33333333333333,27.0,421.0,33.666666666666664,0.0,0.0,421.0,33.666666666666664,75.33333333333333,27.0,unavailable
8328180D-DFEE-4B56-B2CB-8EE57824ABC2,80-0.8-accessibility3,89,shortRun,Run,3,80.0,accessibility3,0.8,1,80.0,inf,80.0,inf,71.0,48.0,71.0,48.0,0.0,0.0,71.0,48.0,71.0,48.0,unavailable
8328180D-DFEE-4B56-B2CB-8EE57824ABC2,80-0.8-accessibility3,89,running,Running,7,80.0,accessibility3,0.8,1,80.0,inf,80.0,inf,78.33333333333333,38.33333333333333,149.33333333333331,48.0,0.0,0.0,149.33333333333331,48.0,78.33333333333333,38.33333333333333,unavailable
8328180D-DFEE-4B56-B2CB-8EE57824ABC2,80-0.8-accessibility3,89,morningRun,Morning Run,11,80.0,accessibility3,0.8,1,80.0,inf,80.0,inf,78.66666666666666,38.33333333333333,228.66666666666666,48.0,0.0,0.0,228.66666666666666,48.0,78.66666666666666,38.33333333333333,unavailable
8328180D-DFEE-4B56-B2CB-8EE57824ABC2,80-0.8-accessibility3,89,intervalRun,Morning Interval Run,20,80.0,accessibility3,0.8,1,80.0,inf,80.0,inf,78.66666666666666,38.33333333333333,371.66666666666663,48.0,0.0,0.0,371.66666666666663,48.0,78.66666666666666,38.33333333333333,unavailable
8328180D-DFEE-4B56-B2CB-8EE57824ABC2,80-0.8-accessibility3,89,longTrainingSession,Morning Interval Training Session,33,80.0,accessibility3,0.8,1,80.0,0.0,80.0,0.0,78.66666666666666,38.33333333333333,595.6666666666666,48.0,0.0,0.0,595.6666666666666,48.0,78.66666666666666,38.33333333333333,unavailable
8328180D-DFEE-4B56-B2CB-8EE57824ABC2,80-0.8-accessibility5,90,shortRun,Run,3,80.0,accessibility5,0.8,1,80.0,inf,80.0,inf,79.66666666666666,54.0,93.33333333333333,63.33333333333333,0.0,0.0,93.33333333333333,63.33333333333333,79.66666666666666,54.0,unavailable
8328180D-DFEE-4B56-B2CB-8EE57824ABC2,80-0.8-accessibility5,90,running,Running,7,80.0,accessibility5,0.8,1,80.0,inf,80.0,inf,79.0,51.0,196.33333333333331,63.33333333333333,0.0,0.0,196.33333333333331,63.33333333333333,79.0,51.0,unavailable
8328180D-DFEE-4B56-B2CB-8EE57824ABC2,80-0.8-accessibility5,90,morningRun,Morning Run,11,80.0,accessibility5,0.8,1,80.0,inf,80.0,inf,64.66666666666666,51.0,301.0,63.33333333333333,0.0,0.0,301.0,63.33333333333333,64.66666666666666,51.0,unavailable
8328180D-DFEE-4B56-B2CB-8EE57824ABC2,80-0.8-accessibility5,90,intervalRun,Morning Interval Run,20,80.0,accessibility5,0.8,1,80.0,inf,80.0,inf,64.66666666666666,51.0,489.0,63.33333333333333,0.0,0.0,489.0,63.33333333333333,64.66666666666666,51.0,unavailable
8328180D-DFEE-4B56-B2CB-8EE57824ABC2,80-0.8-accessibility5,90,longTrainingSession,Morning Interval Training Session,33,80.0,accessibility5,0.8,1,80.0,0.0,80.0,0.0,64.66666666666666,51.0,783.0,63.33333333333333,0.0,0.0,783.0,63.33333333333333,64.66666666666666,51.0,unavailable
8328180D-DFEE-4B56-B2CB-8EE57824ABC2,80-0.5-large,91,shortRun,Run,3,80.0,large,0.5,1,80.0,inf,80.0,inf,31.333333333333332,20.333333333333332,31.333333333333332,20.333333333333332,0.0,0.0,31.333333333333332,20.333333333333332,31.333333333333332,20.333333333333332,unavailable
8328180D-DFEE-4B56-B2CB-8EE57824ABC2,80-0.5-large,91,running,Running,7,80.0,large,0.5,1,80.0,inf,80.0,inf,65.66666666666666,20.333333333333332,65.66666666666666,20.333333333333332,0.0,0.0,65.66666666666666,20.333333333333332,65.66666666666666,20.333333333333332,unavailable
8328180D-DFEE-4B56-B2CB-8EE57824ABC2,80-0.5-large,91,morningRun,Morning Run,11,80.0,large,0.5,1,80.0,inf,80.0,inf,79.0,15.333333333333332,101.0,20.333333333333332,0.0,0.0,101.0,20.333333333333332,79.0,15.333333333333332,unavailable
8328180D-DFEE-4B56-B2CB-8EE57824ABC2,80-0.5-large,91,intervalRun,Morning Interval Run,20,80.0,large,0.5,1,80.0,inf,80.0,inf,79.33333333333333,10.333333333333332,165.0,20.333333333333332,0.0,0.0,165.0,20.333333333333332,79.33333333333333,10.333333333333332,unavailable
8328180D-DFEE-4B56-B2CB-8EE57824ABC2,80-0.5-large,91,longTrainingSession,Morning Interval Training Session,33,80.0,large,0.5,1,80.0,0.0,80.0,0.0,79.33333333333333,10.333333333333332,264.3333333333333,20.333333333333332,0.0,0.0,264.3333333333333,20.333333333333332,79.33333333333333,10.333333333333332,unavailable
8328180D-DFEE-4B56-B2CB-8EE57824ABC2,80-0.5-xxxLarge,92,shortRun,Run,3,80.0,xxxLarge,0.5,1,80.0,inf,80.0,inf,41.0,27.666666666666664,41.0,27.666666666666664,0.0,0.0,41.0,27.666666666666664,41.0,27.666666666666664,unavailable
8328180D-DFEE-4B56-B2CB-8EE57824ABC2,80-0.5-xxxLarge,92,running,Running,7,80.0,xxxLarge,0.5,1,80.0,inf,80.0,inf,79.33333333333333,25.333333333333332,86.33333333333333,27.666666666666664,0.0,0.0,86.33333333333333,27.666666666666664,79.33333333333333,25.333333333333332,unavailable
8328180D-DFEE-4B56-B2CB-8EE57824ABC2,80-0.5-xxxLarge,92,morningRun,Morning Run,11,80.0,xxxLarge,0.5,1,80.0,inf,80.0,inf,79.0,15.333333333333332,132.66666666666666,27.666666666666664,0.0,0.0,132.66666666666666,27.666666666666664,79.0,15.333333333333332,unavailable
8328180D-DFEE-4B56-B2CB-8EE57824ABC2,80-0.5-xxxLarge,92,intervalRun,Morning Interval Run,20,80.0,xxxLarge,0.5,1,80.0,inf,80.0,inf,75.66666666666666,14.0,216.0,27.666666666666664,0.0,0.0,216.0,27.666666666666664,75.66666666666666,14.0,unavailable
8328180D-DFEE-4B56-B2CB-8EE57824ABC2,80-0.5-xxxLarge,92,longTrainingSession,Morning Interval Training Session,33,80.0,xxxLarge,0.5,1,80.0,0.0,80.0,0.0,75.66666666666666,14.0,345.66666666666663,27.666666666666664,0.0,0.0,345.66666666666663,27.666666666666664,75.66666666666666,14.0,unavailable
8328180D-DFEE-4B56-B2CB-8EE57824ABC2,80-0.5-accessibility1,93,shortRun,Run,3,80.0,accessibility1,0.5,1,80.0,inf,80.0,inf,50.0,33.666666666666664,50.0,33.666666666666664,0.0,0.0,50.0,33.666666666666664,50.0,33.666666666666664,unavailable
8328180D-DFEE-4B56-B2CB-8EE57824ABC2,80-0.5-accessibility1,93,running,Running,7,80.0,accessibility1,0.5,1,80.0,inf,80.0,inf,79.33333333333333,25.333333333333332,105.33333333333333,33.666666666666664,0.0,0.0,105.33333333333333,33.666666666666664,79.33333333333333,25.333333333333332,unavailable
8328180D-DFEE-4B56-B2CB-8EE57824ABC2,80-0.5-accessibility1,93,morningRun,Morning Run,11,80.0,accessibility1,0.5,1,80.0,inf,80.0,inf,68.33333333333333,17.0,161.66666666666666,33.666666666666664,0.0,0.0,161.66666666666666,33.666666666666664,68.33333333333333,17.0,unavailable
8328180D-DFEE-4B56-B2CB-8EE57824ABC2,80-0.5-accessibility1,93,intervalRun,Morning Interval Run,20,80.0,accessibility1,0.5,1,80.0,inf,80.0,inf,76.0,17.0,262.66666666666663,33.666666666666664,0.0,0.0,262.66666666666663,33.666666666666664,76.0,17.0,unavailable
8328180D-DFEE-4B56-B2CB-8EE57824ABC2,80-0.5-accessibility1,93,longTrainingSession,Morning Interval Training Session,33,80.0,accessibility1,0.5,1,80.0,0.0,80.0,0.0,76.0,17.0,421.0,33.666666666666664,0.0,0.0,421.0,33.666666666666664,76.0,17.0,unavailable
8328180D-DFEE-4B56-B2CB-8EE57824ABC2,80-0.5-accessibility3,94,shortRun,Run,3,80.0,accessibility3,0.5,1,80.0,inf,80.0,inf,71.0,48.0,71.0,48.0,0.0,0.0,71.0,48.0,71.0,48.0,unavailable
8328180D-DFEE-4B56-B2CB-8EE57824ABC2,80-0.5-accessibility3,94,running,Running,7,80.0,accessibility3,0.5,1,80.0,inf,80.0,inf,79.33333333333333,25.333333333333332,149.33333333333331,48.0,0.0,0.0,149.33333333333331,48.0,79.33333333333333,25.333333333333332,unavailable
8328180D-DFEE-4B56-B2CB-8EE57824ABC2,80-0.5-accessibility3,94,morningRun,Morning Run,11,80.0,accessibility3,0.5,1,80.0,inf,80.0,inf,69.0,24.0,228.66666666666666,48.0,0.0,0.0,228.66666666666666,48.0,69.0,24.0,unavailable
8328180D-DFEE-4B56-B2CB-8EE57824ABC2,80-0.5-accessibility3,94,intervalRun,Morning Interval Run,20,80.0,accessibility3,0.5,1,80.0,inf,80.0,inf,69.0,24.0,371.66666666666663,48.0,0.0,0.0,371.66666666666663,48.0,69.0,24.0,unavailable
8328180D-DFEE-4B56-B2CB-8EE57824ABC2,80-0.5-accessibility3,94,longTrainingSession,Morning Interval Training Session,33,80.0,accessibility3,0.5,1,80.0,0.0,80.0,0.0,69.0,24.0,595.6666666666666,48.0,0.0,0.0,595.6666666666666,48.0,69.0,24.0,unavailable
8328180D-DFEE-4B56-B2CB-8EE57824ABC2,80-0.5-accessibility5,95,shortRun,Run,3,80.0,accessibility5,0.5,1,80.0,inf,80.0,inf,80.0,54.0,93.33333333333333,63.33333333333333,0.0,0.0,93.33333333333333,63.33333333333333,80.0,54.0,unavailable
8328180D-DFEE-4B56-B2CB-8EE57824ABC2,80-0.5-accessibility5,95,running,Running,7,80.0,accessibility5,0.5,1,80.0,inf,80.0,inf,65.33333333333333,31.666666666666664,196.33333333333331,63.33333333333333,0.0,0.0,196.33333333333331,63.33333333333333,65.33333333333333,31.666666666666664,unavailable
8328180D-DFEE-4B56-B2CB-8EE57824ABC2,80-0.5-accessibility5,95,morningRun,Morning Run,11,80.0,accessibility5,0.5,1,80.0,inf,80.0,inf,65.33333333333333,31.666666666666664,301.0,63.33333333333333,0.0,0.0,301.0,63.33333333333333,65.33333333333333,31.666666666666664,unavailable
8328180D-DFEE-4B56-B2CB-8EE57824ABC2,80-0.5-accessibility5,95,intervalRun,Morning Interval Run,20,80.0,accessibility5,0.5,1,80.0,inf,80.0,inf,65.33333333333333,31.666666666666664,489.0,63.33333333333333,0.0,0.0,489.0,63.33333333333333,65.33333333333333,31.666666666666664,unavailable
8328180D-DFEE-4B56-B2CB-8EE57824ABC2,80-0.5-accessibility5,95,longTrainingSession,Morning Interval Training Session,33,80.0,accessibility5,0.5,1,80.0,0.0,80.0,0.0,65.33333333333333,31.666666666666664,783.0,63.33333333333333,0.0,0.0,783.0,63.33333333333333,65.33333333333333,31.666666666666664,unavailable
8328180D-DFEE-4B56-B2CB-8EE57824ABC2,80-0.1-large,96,shortRun,Run,3,80.0,large,0.1,1,80.0,inf,80.0,inf,31.333333333333332,20.333333333333332,31.333333333333332,20.333333333333332,0.0,0.0,31.333333333333332,20.333333333333332,31.333333333333332,20.333333333333332,unavailable
8328180D-DFEE-4B56-B2CB-8EE57824ABC2,80-0.1-large,96,running,Running,7,80.0,large,0.1,1,80.0,inf,80.0,inf,65.66666666666666,20.333333333333332,65.66666666666666,20.333333333333332,0.0,0.0,65.66666666666666,20.333333333333332,65.66666666666666,20.333333333333332,unavailable
8328180D-DFEE-4B56-B2CB-8EE57824ABC2,80-0.1-large,96,morningRun,Morning Run,11,80.0,large,0.1,1,80.0,inf,80.0,inf,79.0,15.333333333333332,101.0,20.333333333333332,0.0,0.0,101.0,20.333333333333332,79.0,15.333333333333332,unavailable
8328180D-DFEE-4B56-B2CB-8EE57824ABC2,80-0.1-large,96,intervalRun,Morning Interval Run,20,80.0,large,0.1,1,80.0,inf,80.0,inf,78.66666666666666,8.666666666666666,165.0,20.333333333333332,0.0,0.0,165.0,20.333333333333332,78.66666666666666,8.666666666666666,unavailable
8328180D-DFEE-4B56-B2CB-8EE57824ABC2,80-0.1-large,96,longTrainingSession,Morning Interval Training Session,33,80.0,large,0.1,1,80.0,0.0,80.0,0.0,31.0,2.333333333333333,264.3333333333333,20.333333333333332,0.0,0.0,264.3333333333333,20.333333333333332,31.0,2.333333333333333,unavailable
8328180D-DFEE-4B56-B2CB-8EE57824ABC2,80-0.1-xxxLarge,97,shortRun,Run,3,80.0,xxxLarge,0.1,1,80.0,inf,80.0,inf,41.0,27.666666666666664,41.0,27.666666666666664,0.0,0.0,41.0,27.666666666666664,41.0,27.666666666666664,unavailable
8328180D-DFEE-4B56-B2CB-8EE57824ABC2,80-0.1-xxxLarge,97,running,Running,7,80.0,xxxLarge,0.1,1,80.0,inf,80.0,inf,79.33333333333333,25.333333333333332,86.33333333333333,27.666666666666664,0.0,0.0,86.33333333333333,27.666666666666664,79.33333333333333,25.333333333333332,unavailable
8328180D-DFEE-4B56-B2CB-8EE57824ABC2,80-0.1-xxxLarge,97,morningRun,Morning Run,11,80.0,xxxLarge,0.1,1,80.0,inf,80.0,inf,79.0,15.333333333333332,132.66666666666666,27.666666666666664,0.0,0.0,132.66666666666666,27.666666666666664,79.0,15.333333333333332,unavailable
8328180D-DFEE-4B56-B2CB-8EE57824ABC2,80-0.1-xxxLarge,97,intervalRun,Morning Interval Run,20,80.0,xxxLarge,0.1,1,80.0,inf,80.0,inf,78.66666666666666,8.666666666666666,216.0,27.666666666666664,0.0,0.0,216.0,27.666666666666664,78.66666666666666,8.666666666666666,unavailable
8328180D-DFEE-4B56-B2CB-8EE57824ABC2,80-0.1-xxxLarge,97,longTrainingSession,Morning Interval Training Session,33,80.0,xxxLarge,0.1,1,80.0,0.0,80.0,0.0,40.0,3.0,345.66666666666663,27.666666666666664,0.0,0.0,345.66666666666663,27.666666666666664,40.0,3.0,unavailable
8328180D-DFEE-4B56-B2CB-8EE57824ABC2,80-0.1-accessibility1,98,shortRun,Run,3,80.0,accessibility1,0.1,1,80.0,inf,80.0,inf,50.0,33.666666666666664,50.0,33.666666666666664,0.0,0.0,50.0,33.666666666666664,50.0,33.666666666666664,unavailable
8328180D-DFEE-4B56-B2CB-8EE57824ABC2,80-0.1-accessibility1,98,running,Running,7,80.0,accessibility1,0.1,1,80.0,inf,80.0,inf,79.33333333333333,25.333333333333332,105.33333333333333,33.666666666666664,0.0,0.0,105.33333333333333,33.666666666666664,79.33333333333333,25.333333333333332,unavailable
8328180D-DFEE-4B56-B2CB-8EE57824ABC2,80-0.1-accessibility1,98,morningRun,Morning Run,11,80.0,accessibility1,0.1,1,80.0,inf,80.0,inf,79.0,15.333333333333332,161.66666666666666,33.666666666666664,0.0,0.0,161.66666666666666,33.666666666666664,79.0,15.333333333333332,unavailable
8328180D-DFEE-4B56-B2CB-8EE57824ABC2,80-0.1-accessibility1,98,intervalRun,Morning Interval Run,20,80.0,accessibility1,0.1,1,80.0,inf,80.0,inf,78.66666666666666,8.666666666666666,262.66666666666663,33.666666666666664,0.0,0.0,262.66666666666663,33.666666666666664,78.66666666666666,8.666666666666666,unavailable
8328180D-DFEE-4B56-B2CB-8EE57824ABC2,80-0.1-accessibility1,98,longTrainingSession,Morning Interval Training Session,33,80.0,accessibility1,0.1,1,80.0,0.0,80.0,0.0,49.0,3.333333333333333,421.0,33.666666666666664,0.0,0.0,421.0,33.666666666666664,49.0,3.333333333333333,unavailable
8328180D-DFEE-4B56-B2CB-8EE57824ABC2,80-0.1-accessibility3,99,shortRun,Run,3,80.0,accessibility3,0.1,1,80.0,inf,80.0,inf,71.0,48.0,71.0,48.0,0.0,0.0,71.0,48.0,71.0,48.0,unavailable
8328180D-DFEE-4B56-B2CB-8EE57824ABC2,80-0.1-accessibility3,99,running,Running,7,80.0,accessibility3,0.1,1,80.0,inf,80.0,inf,79.33333333333333,25.333333333333332,149.33333333333331,48.0,0.0,0.0,149.33333333333331,48.0,79.33333333333333,25.333333333333332,unavailable
8328180D-DFEE-4B56-B2CB-8EE57824ABC2,80-0.1-accessibility3,99,morningRun,Morning Run,11,80.0,accessibility3,0.1,1,80.0,inf,80.0,inf,79.0,15.333333333333332,228.66666666666666,48.0,0.0,0.0,228.66666666666666,48.0,79.0,15.333333333333332,unavailable
8328180D-DFEE-4B56-B2CB-8EE57824ABC2,80-0.1-accessibility3,99,intervalRun,Morning Interval Run,20,80.0,accessibility3,0.1,1,80.0,inf,80.0,inf,76.33333333333333,8.666666666666666,371.66666666666663,48.0,0.0,0.0,371.66666666666663,48.0,76.33333333333333,8.666666666666666,unavailable
8328180D-DFEE-4B56-B2CB-8EE57824ABC2,80-0.1-accessibility3,99,longTrainingSession,Morning Interval Training Session,33,80.0,accessibility3,0.1,1,80.0,0.0,80.0,0.0,71.0,5.0,595.6666666666666,48.0,0.0,0.0,595.6666666666666,48.0,71.0,5.0,unavailable
8328180D-DFEE-4B56-B2CB-8EE57824ABC2,80-0.1-accessibility5,100,shortRun,Run,3,80.0,accessibility5,0.1,1,80.0,inf,80.0,inf,80.0,54.0,93.33333333333333,63.33333333333333,0.0,0.0,93.33333333333333,63.33333333333333,80.0,54.0,unavailable
8328180D-DFEE-4B56-B2CB-8EE57824ABC2,80-0.1-accessibility5,100,running,Running,7,80.0,accessibility5,0.1,1,80.0,inf,80.0,inf,79.33333333333333,25.333333333333332,196.33333333333331,63.33333333333333,0.0,0.0,196.33333333333331,63.33333333333333,79.33333333333333,25.333333333333332,unavailable
8328180D-DFEE-4B56-B2CB-8EE57824ABC2,80-0.1-accessibility5,100,morningRun,Morning Run,11,80.0,accessibility5,0.1,1,80.0,inf,80.0,inf,79.0,15.333333333333332,301.0,63.33333333333333,0.0,0.0,301.0,63.33333333333333,79.0,15.333333333333332,unavailable
8328180D-DFEE-4B56-B2CB-8EE57824ABC2,80-0.1-accessibility5,100,intervalRun,Morning Interval Run,20,80.0,accessibility5,0.1,1,80.0,inf,80.0,inf,78.66666666666666,8.666666666666666,489.0,63.33333333333333,0.0,0.0,489.0,63.33333333333333,78.66666666666666,8.666666666666666,unavailable
8328180D-DFEE-4B56-B2CB-8EE57824ABC2,80-0.1-accessibility5,100,longTrainingSession,Morning Interval Training Session,33,80.0,accessibility5,0.1,1,80.0,0.0,80.0,0.0,80.0,6.333333333333333,783.0,63.33333333333333,0.0,0.0,783.0,63.33333333333333,80.0,6.333333333333333,unavailable